Latitude,Longitude,Price,LRTHubDist,PC1,PC2,PC3,PC4,DBSCAN_Cluster
120.9905434,14.6514006,-0.2620332246328312,-0.7772551932870408,-0.3301834229872205,-1.1841380301061637,-0.4121509080225139,0.7311117437839532,-1
120.966768,14.6567775,-0.0941439695252955,-0.5607071050365384,0.8657018783099557,-0.1723526010280081,-0.0827995971941031,0.4312086895829034,0
120.9803696,14.6466102,-0.3333861580535338,-0.8520569590320646,0.2130324200659151,-1.44580459970536,0.165400098199273,0.173985843666454,0
121.0259445,14.6858751,-0.3879501659634829,-0.2949418006032891,0.8977358976559346,-1.251679152492844,0.5494691751046731,-0.1121441482221716,0
121.0103712,14.6818912,-0.3040055384097151,-0.3691864375435881,1.416760408302412,-1.2285084526063033,0.5235262691989573,-0.7023824240557318,0
121.0769537,14.7471848,-0.345977852186599,1.4122064101999343,1.639280568120355,-1.527999192629513,0.2218132141269092,-1.1815059759850093,0
120.973486,14.302195,-0.5323349253559636,2.603563377644836,-0.3824950363503536,-0.9352071658599274,1.7568594038669698,-1.9188148415797928,-1
120.936807,14.409725,-0.5287169119083962,0.2868228980368371,0.8333888280936379,-0.7245029460984115,0.6586180381569394,-1.2795633041079548,0
121.0088385,14.260047,-0.442514173873432,3.662885199481056,2.897539473681313,-1.5075790821200437,-0.2211739559610075,-1.1404981477815208,-1
120.987297,14.342521,-0.4131335542296133,1.7547280352708157,-0.2260326588337209,-1.107789190268806,1.5392675046922994,-2.286621279790746,-1
120.98341,14.124996,0.2416345406897758,6.582184721486231,2.9312665607178228,-1.4415788880536708,-0.2309807059867336,-1.073742511251324,-1
120.927176,14.402725,-0.5147065535696723,0.5218199971441874,1.0089193254985374,-0.7855704498585128,0.6504385638085742,-1.481677881901572,0
120.927176,14.402725,-0.5566788673465562,0.5218199971441874,0.949985394645747,-0.9413113538510048,0.5269754250160563,-1.6232813662815733,0
120.8548113,14.4154313,-0.5675916689285461,1.5598767012143548,2.341031349814512,-1.047146975507362,-0.5868172685156952,-0.857821165139219,-1
120.927176,14.402725,-0.5566788673465562,0.5218199971441874,0.949985394645747,-0.9413113538510048,0.5269754250160563,-1.6232813662815733,0
120.927176,14.402725,-0.5147065535696723,0.5218199971441874,0.993332877679496,-0.8316262762044171,0.6109923833078803,-1.5206926426518046,0
120.927176,14.402725,-0.5147065535696723,0.5218199971441874,0.994989469387792,-0.8274344897975412,0.6142032224782685,-1.5167720544876095,0
120.927176,14.402725,-0.5566788673465562,0.5218199971441874,0.949985394645747,-0.9413113538510048,0.5269754250160563,-1.6232813662815733,0
120.9289746,14.4234269,-0.3879501659634829,0.1150387177287858,1.0000486132167046,-0.7183068072184798,0.9723308109064716,-1.282259308936769,0
120.8527969,14.0892003,4.8612047707415815,7.690125606107509,7.273105970155664,6.843833159321444,7.721924398968703,8.599058480919057,-1
121.0088385,14.260047,0.3675514820204276,3.662885199481056,3.2247011067026548,-0.6488633635164576,0.4560396022943488,-0.3562922653961572,-1
120.95723,14.29869,-0.5558394210710186,2.669818615337782,-1.3745603408341982,-0.3848738345703483,0.1565068364700385,-1.132948449892005,-1
120.95579,14.349371,-0.5688508383418526,1.5344177384574602,-0.1026560230401625,-1.0706220867839806,1.684587714048082,-2.2615179623157644,-1
120.8818388,14.4464724,-0.4299224797403668,0.7899318005694163,2.320597072961087,-0.8065356224583122,0.507711885161764,-1.59792051648014,0
120.9057104,14.0984134,-0.4467114052511204,7.24621242063215,3.246692964972577,-0.9320974254493216,0.3514750326946668,-0.4589519064011071,-1
120.914866,14.264605,-0.5575183136220939,3.542485236143887,1.4478072096862142,-0.1824052971979176,0.727396900315835,-2.573846697172342,-1
120.9570844,14.4574203,-0.5054726445387578,-0.8624645270851141,0.1245520371123559,-0.8630921184119638,1.1495649590310153,-0.8241308212360763,-1
120.973539,14.448666,-0.0941439695252955,-0.549863410662667,2.638618854340966,-0.5435175691410232,-0.0795363230482701,0.2773600005319798,0
120.973539,14.448666,-0.0941439695252955,-0.549863410662667,2.6852219011003453,-0.4410285931426225,0.0066843991217496,0.3862402745055232,0
120.973539,14.448666,-0.4718947935172508,-0.549863410662667,2.3335438432380107,-1.119248797781579,-0.6585051038638069,-0.4347934417842565,0
120.996723,14.422561,-0.5264588014271998,0.2202897478695248,2.284671176248894,-1.5605924269240528,-0.2507688611343177,-0.5847778933026739,0
120.987483,14.461456,-0.5432477269379534,-0.5458301638262207,2.0424542338547784,-1.3157588725092328,-0.2483331082276256,-0.2435864486691493,0
120.997773,14.466325,-0.5390504955602651,-0.4730394534499323,2.4033569187158776,-1.2631360035180452,-0.2798897268316997,-0.4712277517043318,0
121.0036251,14.4431313,-0.4635003307618739,-0.0042893967922083,1.6766446508109376,-1.1168786716206482,-0.7117132901302299,0.0039034544317049,0
121.0080137,14.417168,-0.4047390914742365,0.4821218857308057,2.880079865899927,-0.9907512515791128,0.0427741603510526,-0.3486450130636746,0
120.970077,14.457726,-0.2788221501435847,-0.7081408111494344,2.280121251096356,-0.8513301121422439,0.689626732539032,0.8165019766854233,0
121.0140532,14.4324914,-0.5180643386718231,0.3253779859833923,2.654761312475996,-0.8174291639926622,-0.6100887246653157,-0.1883666788460541,0
120.987165,14.446596,-0.3795557032081061,-0.2616874799330456,1.620400142264115,-1.284718275114998,-0.5439588935865073,0.0992879267913993,0
120.985214,14.438526,-0.4467114052511204,-0.208312702539705,2.0483593282286097,-1.2620641838910112,0.1446395838310147,0.1974234922318743,0
120.981053,14.455671,-0.3040055384097151,-0.4976908469549119,2.4670645942237828,-0.878917972743477,-0.1931552749284845,0.1060787848647185,0
121.00871,14.40051,-0.4509086366288088,0.7645864046469923,3.075266574948215,-1.074610433461232,0.0806804484724916,-0.477073091832606,0
121.0078767,14.4023926,-0.4131335542296133,0.7203505047852057,2.9707235237087075,-1.3016630231516697,-0.1219432334403598,-0.723087028531616,0
120.9997847,14.4371254,-0.3879501659634829,0.0540801147789994,2.1544980582101534,-0.5190767164784391,0.1410919024575085,0.9883302327787552,0
120.987483,14.461456,-0.3879501659634829,-0.5458301638262207,2.052907590040824,-1.209933198863609,-0.2044622915699939,-0.2110716340034107,0
121.0140532,14.4324914,-0.0101993419715276,0.3253779859833923,3.3577933957180086,0.4985060773800165,0.716579746300062,1.45082104897004,-1
120.996723,14.422561,-0.4383169424957436,0.2202897478695248,2.63369871603027,-0.9177412989924272,0.4041496236311643,0.2278654131683762,0
121.0140532,14.4324914,-0.560036652448707,0.3253779859833923,2.4437472909530253,-1.2168826458951438,-1.005726618995216,-0.6800132235880001,0
120.981053,14.455671,-0.4131335542296133,-0.4976908469549119,2.5719162398347937,-0.7062036477506808,0.0028778071703795,0.3492969692173958,0
120.9957576,14.4675605,-0.0521716557484115,-0.5148219509577894,2.753262569543991,-0.4940322885248809,0.4550654367535161,0.4813498706685655,0
120.9997847,14.4371254,-0.4299224797403668,0.0540801147789994,1.8630722420615131,-0.9875033153524022,-0.3621581684939621,0.3212273605735425,0
121.0078767,14.4023926,-0.2620332246328312,0.7203505047852057,2.958580516546519,-1.1648090957670727,-0.0510544027190582,-0.7263396498681909,0
120.97595,14.472631,-0.5390504955602651,-0.8937163906784392,2.194746235151556,-1.4557435012720348,-0.100279495008151,-0.2635974395222185,0
121.0078767,14.4023926,-0.4299224797403668,0.7203505047852057,2.905639764923157,-1.398001336754925,-0.2398736561313309,-0.8728877443617649,0
121.040194,14.434669,-0.4131335542296133,0.6513085297615432,2.212678831355068,-1.108252502643421,0.276328302982514,-0.139267212619789,0
121.040194,14.434669,0.115717599359124,0.6513085297615432,2.906706546765017,0.2819125483828892,1.6163392142767117,1.4885077693141613,-1
121.040194,14.434669,-0.3835011007031332,0.6513085297615432,2.2603993966873914,-1.0095521733882582,0.3554788062865873,-0.0298691020741788,0
121.014157,14.571537,-0.1361162833021794,-0.4776328020837894,0.383650726754403,1.3331246473657143,0.4060345989394251,-1.5335907737113483,1
121.04426,14.556785,-0.442514173873432,0.0797540440344103,-0.2578631236673004,1.0630584965249443,-0.4008453496933403,-1.6648093962434127,1
121.04426,14.556785,-0.3711612404527293,0.0797540440344103,-0.250208289481882,1.0824280428800503,-0.3860085970268382,-1.6466930117680283,1
121.009139,14.563865,-0.4047390914742365,-0.6252646398272643,-0.6446123993094262,1.6073478519930269,-1.5116420507122246,-1.1241676602203456,1
121.012006,14.5531,-0.3249916952981571,-0.6215117421070613,-1.4185750810858138,2.3056289540102464,-3.018855078926898,-0.4225302773788926,2
121.057819,14.54414,-0.3627667776973525,0.3167090566621905,-0.345017303032462,1.624947857046207,-0.990175509619682,-1.0140062340473752,1
121.01559,14.567447,-0.2292948198868617,-0.4753518760555123,0.0484934992483821,1.8563423823882168,-0.517727530874274,-0.8498489019785276,1
121.003404,14.55953,1.123053130004338,-0.7568037249354069,-0.5608199432896952,2.094908821769924,-0.3668053183980082,-0.506425567392848,1
121.032076,14.56568,10.163889517545131,-0.1329015916004701,0.9158741856029688,4.412664656297153,0.9249847377822434,0.953893566069041,-1
121.061458,14.552973,-0.4970781817833811,0.4281947314666426,-1.538747327142506,1.7987800379080543,-1.6287126908233562,-0.7016057290503864,1
121.040676,14.564421,0.9131915611199184,0.039991915050261,0.0360810435780463,1.86259534503609,0.0317492954417761,-1.2178916629667798,1
121.011528,14.543799,-0.1948775225898169,-0.6744279127945768,-0.4888330870100335,1.816215584206672,-1.12841526974741,-0.9993422492877894,1
121.009139,14.563865,-0.5054726445387578,-0.6252646398272643,-0.6558820515128592,1.576626026385847,-1.5365638545038791,-1.1515480704058048,1
121.03168,14.56634,-0.0941439695252955,-0.1362078901638374,0.0558321846792307,1.9475615245368885,-1.005721135102529,-1.1460126364736691,1
121.04076,14.55816,0.157689913136008,0.0120542228063385,0.0407917560392713,1.84983363891846,0.3154650834326655,-0.6587339178753683,1
121.057819,14.54414,-0.3627667776973525,0.3167090566621905,-0.1996753803029968,1.838377631765809,-0.7495332373204618,-0.6841640197640194,1
121.021325,14.57178,-0.3291889266758454,-0.3291978868966762,0.5887362067407171,1.6417361601828993,-0.3504796326412693,-1.6072458901186073,1
121.009139,14.563865,1.0481745222263772,-0.6252646398272643,-0.603303160157593,1.6567563008655657,-1.4387643810591046,-1.0299288555028523,1
121.057819,14.54414,-0.345977852186599,0.3167090566621905,-0.3859770337585453,1.6690313898731082,-1.0202934109426216,-1.0953886910231896,1
121.04641,14.560995,0.1996622269128919,0.1477449679449431,-0.4030741184867581,1.7224257253366395,0.053638356000179,-0.9133136010759446,1
121.012006,14.5531,-0.0521716557484115,-0.6215117421070613,-0.934379229124566,3.200107841293115,-2.1235093393661315,0.7022397956845491,2
121.061458,14.552973,-0.2620332246328312,0.4281947314666426,-1.428471053169296,2.007266579271819,-1.426267970199976,-0.4455587101427181,1
121.008422,14.568496,0.0737452855822401,-0.6194542931982999,0.1885970894344938,1.2416534810963196,0.1439669802724769,-1.5098125351217149,1
121.0607,14.53821,0.3423680937542972,0.3738056688747488,-0.2251013323578573,1.0399923989894426,-0.0295788548563241,-1.4559974991029343,1
121.003404,14.55953,-0.0101993419715276,-0.7568037249354069,-0.7273556958436497,1.6514575074746562,-0.7203756293521704,-0.9076487845837756,1
121.03168,14.56634,4.858589056147006,-0.1362078901638374,1.9073656436035933,5.655924982989127,2.510002049551129,3.1845287366917074,-1
121.014157,14.571537,-0.1445107460575561,-0.4776328020837894,0.2603892561705058,1.0322463959338664,0.1476305747320511,-1.8288630065868332,1
121.04426,14.556785,-0.247258970183368,0.0797540440344103,-0.286636421335987,1.0123017242984258,-0.4432718799860989,-1.7293657796610429,1
121.021325,14.57178,0.661357678458615,-0.3291978868966762,0.5226739596936584,1.609063988882064,-0.4651690995622041,-1.7558409704934923,1
121.0275016,14.5570169,-0.505052921400989,-0.2733488297972497,-1.0827157496938864,3.214006236466763,-4.5987234790105065,-0.3306709582680818,-1
121.025511,14.56596,0.2416345406897758,-0.264827876502393,-0.2652034829714281,2.2294260091318616,-2.114573507110243,-1.1505973956597313,1
121.0263428,14.5639339,4.019142780609328,-0.2640659537546456,0.3514907148709057,4.138709158777298,-0.9098155506129866,0.6155404258058418,-1
121.026342,14.563933,2.3402502295339715,-0.2640890032722139,0.5393411551864079,4.724312871377171,-0.391783142915775,1.095567568847585,-1
121.012006,14.5531,-0.2368498363667008,-0.6215117421070613,-0.7337356169447603,4.305385372261594,-1.3189581702032454,1.2840383547827656,-1
121.009139,14.563865,-0.3963446287188597,-0.6252646398272643,-0.6369417149669885,1.6532143360941247,-1.494719584441654,-1.1046052103058246,1
121.0351,14.55487,-0.0521716557484115,-0.1248610459494077,1.1965678570046328,3.5115177120041574,1.4363195875310872,-0.0225272220504176,-1
121.012006,14.5531,-0.5222615700495115,-0.6215117421070613,-1.4074448111994011,2.294103040491432,-3.0178095912254803,-0.4018511725073301,2
121.04641,14.560995,-0.2711664001106811,0.1477449679449431,-0.603166871968059,1.1764191750855275,-0.3896027136322906,-1.3996266708072167,1
121.032076,14.56568,4.858589056147006,-0.1329015916004701,0.8369907930461743,4.175567836545544,0.7197528134842398,0.755150740040028,-1
121.024192,14.571361,1.081080816227454,-0.2719953963228066,1.8475570911014447,-0.125456312398621,-1.2571428985175168,-0.4299656790338829,0
121.024192,14.571361,-0.0941439695252955,-0.2719953963228066,1.8621249088631333,-0.2297177459705606,-1.321276920341144,-0.4195658036360711,0
121.040676,14.564421,1.3329146988887577,0.039991915050261,0.1008152762281334,1.9205346893520856,0.0094390281224455,-1.0987189759030624,1
121.03996,14.557414,2.172360974426436,-0.0089156935511575,0.1625218123434791,1.8394809663733205,0.2850047402556621,-0.9978330383142476,1
121.013837,14.54767291,-0.5390504955602651,-0.6050922415053344,-0.7527599033891039,1.8776306121719644,-2.0262873439571867,-1.1301309714778185,1
121.021325,14.57178,-0.2872166128989615,-0.3291978868966762,0.5608371222169852,1.5777575933483097,-0.3953179803632652,-1.671146568678493,1
121.003404,14.55953,0.1241120621145008,-0.7568037249354069,-0.6048233092450396,1.807166421065126,-0.5413881911866583,-0.6353385925281585,1
121.0607,14.53821,-0.3879501659634829,0.3738056688747488,-0.2464333547529472,0.9529326361615168,-0.1171060857048642,-1.517117873910769,1
121.012006,14.5531,-0.0521716557484115,-0.6215117421070613,-1.14532496412781,2.851535351502366,-2.5179836329416507,0.2128629858560481,2
121.057875,14.561901,0.3667120357448899,0.3950719525944373,-0.6123089282926659,1.25998211908514,-0.3089293715253151,-1.402918227026639,1
121.003404,14.55953,-0.2200609108559472,-0.7568037249354069,-0.5060303664676455,2.0306920767125898,-0.3519607267736149,-0.4029379097570824,1
121.0275016,14.5570169,-0.1109328950360491,-0.2733488297972497,-0.9449303961889216,3.496511788265515,-4.336802633292652,-0.00810135449691,-1
121.024192,14.571361,-0.2200609108559472,-0.2719953963228066,1.8439227527269944,-0.2647529411718854,-1.3586079456050366,-0.4626488119315371,0
121.032076,14.56568,4.858589056147006,-0.1329015916004701,1.9073656436035933,5.655924982989127,2.510002049551129,3.1845287366917074,-1
121.04426,14.556785,-0.0521716557484115,0.0797540440344103,-0.1033571868262296,1.3349596128712464,-0.1106263200730722,-1.3054849755400928,1
121.012006,14.5531,-0.1780885970790634,-0.6215117421070613,-1.3350168578260535,2.437687158954833,-2.880510772665001,-0.232551713726566,2
121.011528,14.543799,-0.1780885970790634,-0.6744279127945768,-0.3725533872314465,2.031075505614865,-0.909204608315648,-0.7283734775586246,1
121.04641,14.560995,0.4095237957973114,0.1477449679449431,-0.6487545154356704,1.0323990324055217,-0.5005402619062899,-1.5131842490486536,1
121.024192,14.571361,-0.4509086366288088,-0.2719953963228066,1.8238048206452349,-0.3112477899345816,-1.391443446659223,-0.5088431367886396,0
121.052143,14.578255,-0.4844864876503159,0.3576316304898465,-0.5624467764700883,0.1716354723616655,-5.399466017286358,3.2751603552922943,-1
121.033201,14.576774,-0.1361162833021794,-0.0474868550128365,0.2187883249565256,-1.89795882361858,-0.9904106245508416,1.6904042349035264,0
121.04426,14.574886,-0.3040055384097151,0.1721706495476764,0.0214493409996993,-1.415613422381269,-1.8501585857165357,2.215119939876593,0
121.024192,14.576533,-0.1529052088129329,-0.2317962112568473,1.0883009115561444,-1.7475129073570983,-0.4224500901823371,1.5857530599382268,0
121.03176,14.58929,-0.3040055384097151,0.0382570117930602,-0.2999371132655829,-1.3279466746597783,-1.4529643925224776,2.423606836847697,0
121.052143,14.578255,-0.5390504955602651,0.3576316304898465,-0.6053021392306828,0.0896524710530465,-5.480474145712627,3.1751448661988686,-1
121.033201,14.576774,0.1828733014021383,-0.0474868550128365,0.2657347758512699,-1.8034184044659096,-0.8983943287379333,1.8008109188042332,0
121.0363943,14.5820678,0.0317729718053562,0.0621847106677398,-0.0140948888021983,-1.431149432813332,-1.1533875579447974,2.296921240179846,0
121.033201,14.576774,-0.3359044968801469,-0.0474868550128365,0.4450816761966053,-1.4995239193621104,-0.5507955814841567,2.219648538595497,0
121.033201,14.576774,-0.2200609108559472,-0.0474868550128365,0.4020340827104175,-1.579792219305581,-0.6465424919353204,2.116337466384528,0
121.053604,14.581224,-0.3040055384097151,0.406806605805139,-0.7331335114325078,0.3440093524601884,-6.098370263438355,3.222306178426685,-1
121.0363943,14.5820678,-0.5650733301019331,0.0621847106677398,-0.1851541248060975,-1.923535299059776,-1.550618995479392,1.876489388543784,0
121.031359,14.588415,1.5008039539962934,0.0219162016987883,-0.1801178032269459,-0.9171065029816516,-1.1123896896485754,2.903961324216649,0
120.9825154,14.5860743,-0.577035439528345,-0.8462411443590212,-3.335480345740003,-1.6697255382895686,-0.491307831855014,1.904254017344204,3
120.984764,14.617888,-0.1822858284567517,-0.8865571407101651,-3.0280206493621984,-1.2537769645752368,1.4801853157856746,2.7613699650684027,3
121.00471,14.59936,-0.4786103637215522,-0.4268659966376519,-1.616968674964482,-1.4124129432813857,0.7692851712286072,0.7094308835174086,3
121.0135541,14.5822048,-0.3468172984621367,-0.3879799571544894,-1.3630105249518183,-1.687615342006687,0.7993421663852801,0.1440049479063104,3
121.017867,14.5971795,-0.3040055384097151,-0.1382532882717102,-1.337990048555911,-1.1593551075598905,1.048605598393977,1.114092048929621,3
121.01316,14.58717,-0.4970781817833811,-0.3403711441362897,-1.3620748558626508,-1.6791104364088951,0.7310319885677905,0.1403385491071772,3
120.996236,14.61103,-0.0995332146142474,-0.6373946543619727,-3.3934090426362293,-1.2736010528124029,0.6109061124772778,2.3207867834419376,3
120.996236,14.61103,-0.3207944639204687,-0.6373946543619727,-3.484185411011523,-1.5297554883251114,0.432906547825567,2.1045414939569684,3
121.017867,14.5971795,-0.2788221501435847,-0.1382532882717102,-1.5766302317522607,-1.5603567151719064,0.6425282153277431,0.568393401790736,3
120.996236,14.61103,-0.3040055384097151,-0.6373946543619727,-3.5480409743805845,-1.5325838788523505,0.356360243589302,1.968967695553803,3
121.017867,14.5971795,-0.2788221501435847,-0.1382532882717102,-1.6416362269357394,-1.7557222348873716,0.4734299557863163,0.4046205963892277,3
121.017867,14.5971795,-0.2788221501435847,-0.1382532882717102,-1.5766302317522607,-1.5603567151719064,0.6425282153277431,0.568393401790736,3
120.9932061,14.5667099,-0.3040055384097151,-0.8540064811495632,-1.5255647775158638,-0.919384264563864,-0.7489575371795407,0.7841135922985856,-1
121.0016068,14.6164608,-0.228455373611324,-0.5263056634357486,-1.9029884694785644,-1.433441195984477,0.534471061918555,0.753694178570557,3
120.996236,14.61103,-0.4718947935172508,-0.6373946543619727,-3.606955885586252,-1.71914875116262,0.2072765642477909,1.8210330830509327,3
121.0560385,14.5962746,-0.2536387618774544,0.5892010436495381,-0.7837653951798209,-0.5236011584697159,-0.6086423942598955,0.5130177349993318,0
120.991585,14.570199,0.5354407371279633,-0.9351326349942408,-2.0435185052854647,-1.167477166607774,-0.542498744701537,1.1591915639355583,-1
121.0032543,14.5894572,-0.4718947935172508,-0.5021712999184405,-1.1154814367495047,-1.1574636025868474,0.8221276772316997,0.6020095828597716,3
121.0135541,14.5822048,-0.3963446287188597,-0.3879799571544894,-1.2585154075769196,-1.5003692891536708,0.9987904531541276,0.3877926112025543,3
120.99496,14.61596,-0.5516421896933302,-0.6709679860952344,-2.733866413085617,-1.7569519369133255,0.2965341367026968,1.187908424295659,3
120.984764,14.617888,-0.2116664481005704,-0.8865571407101651,-3.3259514886717136,-1.6063708216076555,1.0094919117651042,2.093013929990155,3
121.0560385,14.5962746,-0.3879501659634829,0.5892010436495381,-0.9009941396116546,-0.780552102613528,-0.8502199369409856,0.2341404461111411,0
121.0034823,14.5723066,0.0737452855822401,-0.6732624964359767,-0.5315679642690935,-1.0582680543691236,0.8372228441745434,0.2709621187038179,3
120.965967,14.620565,-0.3837529345857945,-0.564708121505771,-1.487569685250454,-1.4752653672071907,0.4673670703206818,0.1910710063969084,3
120.984764,14.617888,-0.5054726445387578,-0.8865571407101651,-3.431509379688596,-1.9837267362881303,0.7207403090826294,1.821943699772712,3
121.0135541,14.5822048,-0.3291889266758454,-0.3879799571544894,-1.1347220924120422,-1.2091682308605085,1.2602765514745873,0.6843282452887586,3
121.017867,14.5971795,-0.4131335542296133,-0.1382532882717102,-1.4738969469137864,-1.3886003905546769,0.8057230550451447,0.8009168709631354,3
120.99054,14.59975,-0.0995332146142474,-0.7356817686670328,-3.260203475801176,-0.7854458092952078,-0.7580278321307817,1.9094375716113656,3
120.996236,14.61103,-0.4299224797403668,-0.6373946543619727,-3.4955655313144907,-1.5320945479030872,0.4129043636366733,2.0790171799832478,3
120.996236,14.61103,-0.4467114052511204,-0.6373946543619727,-3.492804545133997,-1.5251082372249605,0.418255762253987,2.085551493590239,3
120.996236,14.61103,-0.3545402041970833,-0.6373946543619727,-3.44569969227511,-1.4191440472640735,0.5085278336081382,2.196328354681974,3
120.996236,14.61103,-0.0101993419715276,-0.6373946543619727,-3.582689245679381,-1.6445168100939342,0.2553381471511972,1.879168228699932,3
120.996236,14.61103,-0.4760920248949391,-0.6373946543619727,-3.576474569501288,-1.6706820997324316,0.2612223294354802,1.8910544365161035,3
120.996236,14.61103,-0.0995332146142474,-0.6373946543619727,-3.476238628051036,-1.4831903731562008,0.4503641539578688,2.1247573752321887,3
120.993855,14.585454,0.661357678458615,-0.7256623886899649,-1.427598327965142,-0.3145396005398137,1.512125303761147,2.001173609388522,-1
121.0135541,14.5822048,-0.3711612404527293,-0.3879799571544894,-1.269619429261838,-1.502009717663834,0.9793234088269652,0.3629217285895321,3
120.9825154,14.5860743,0.3087902427327901,-0.8462411443590212,-3.33775815933891,-1.675489244599023,-0.4957227357142977,1.898863208618436,3
121.0560385,14.5962746,-0.4164913393317639,0.5892010436495381,-0.9503119578241156,-0.8590426981331306,-0.933490013768591,0.1216617526596617,0
120.996236,14.61103,-0.4802892562726275,-0.6373946543619727,-3.6168882072816575,-1.726641843315076,0.1952105131487111,1.799648904447172,3
120.965967,14.620565,-0.3627667776973525,-0.564708121505771,-1.182908822074572,-0.9005820851683538,1.0455331413436215,0.902244301672096,3
121.059675,14.583771,-0.4876344111835822,0.550467642657441,-1.2488683100797893,1.87416403733012,-5.540962239360274,1.867035834555957,-1
121.070815,14.596756,-0.4300064243679206,0.8062440486429691,-1.221821299276472,-0.9741676702933736,1.534784873254489,-1.2753709902513295,4
121.061458,14.582707,-0.5176194321457881,0.5805746244718181,-1.4581220668424988,1.708683331913209,-5.924597813969267,1.671139100034291,-1
121.099428,14.6269,-0.4467114052511204,0.9061252789162246,1.576654189273098,-1.1941653691533751,-0.6387100043484163,0.3204078578387461,0
121.077937,14.623601,-0.1361162833021794,0.5190752230902854,1.9825823544673125,-0.8279488706255319,-0.374242515035168,0.9324588020525888,0
121.113096,14.65998,-0.5138671072941347,1.0716363352285037,1.9700125937605373,-1.4920268816894453,-0.4371033874263142,-0.0034290716157594,0
121.099428,14.6269,-0.5348532641825766,0.9061252789162246,1.5148860711761225,-1.3240045986071616,-0.7563752133032836,0.1756323205374276,0
121.008496,14.492371,1.7526378366575968,-0.593981555650356,3.3110674081126725,2.053427358881296,2.391696427955023,2.1008058221090646,-1
120.997102,14.529416,-0.2200609108559472,-0.8423433338139187,0.8272284817264035,0.2549079403319051,-0.2517468721802214,0.5894972067308307,0
120.997102,14.529416,-0.2452442991220776,-0.8423433338139187,0.9600562032048158,0.4587267818702651,-0.0045724892596278,0.896812400791707,0
121.011835,14.468547,0.0149840462946026,-0.319006124937439,3.227949813245218,-0.6138145630983317,0.2817231938498757,1.1420981271360324,0
120.989915,14.516398,1.5008039539962934,-0.8561678349412694,1.617041940433351,-0.2860797616313496,-0.3581722767804005,-0.718279496519991,0
121.008496,14.492371,-0.0521716557484115,-0.593981555650356,2.134261600867565,-0.2232182049011921,0.1652451852609186,-0.6469659116108943,0
121.008496,14.492371,1.7526378366575968,-0.593981555650356,3.3110674081126725,2.053427358881296,2.391696427955023,2.1008058221090646,-1
121.008496,14.492371,-0.4383169424957436,-0.593981555650356,2.2515677227722697,-0.0322178889579978,0.3843902860666479,-0.3749765019342269,0
121.0245799,14.4521766,-0.035382730237658,0.1324446385661928,1.5980260510933506,0.0581802018473064,-0.1465054260450877,-0.2472506810922586,0
120.997102,14.529416,-0.345977852186599,-0.8423433338139187,0.7247358174671482,0.0220206283757516,-0.448345210740465,0.3483405437263857,0
121.008496,14.492371,-0.3040055384097151,-0.593981555650356,2.2279312524475774,-0.0787984381548086,0.3396051029596624,-0.4302116973665332,0
120.99501,14.53299,-0.3879501659634829,-0.8592491499577539,0.4584384400488405,0.2406115529659986,-0.6816537177494629,0.7018344078174901,0
120.99533,14.5286,-0.345977852186599,-0.8717861828381108,0.6145002488041748,-0.1643170024393915,-0.6548135201430906,0.0923804478400747,0
120.99494,14.5286,-0.4928809504056927,-0.8786899214392307,0.4656127549422726,-0.364112825727628,-0.8609455460975715,-0.1193122901271356,0
120.99494,14.5286,-0.4299224797403668,-0.8786899214392307,0.5812022081757363,-0.1509994819889662,-0.6430727343201381,0.1500229032002812,0
120.997102,14.529416,-0.345977852186599,-0.8423433338139187,0.7274968036476417,0.0290069390538782,-0.4429938121231513,0.3548748573333773,0
120.99494,14.5286,-0.4635003307618739,-0.8786899214392307,0.487868732176718,-0.3210254318698805,-0.8188360622992428,-0.0673442514983252,0
121.0245799,14.4521766,-0.035382730237658,0.1324446385661928,1.537651758931378,0.0509322925665539,-0.2173317570807567,-0.3752897733941572,0
120.997102,14.529416,-0.0521716557484115,-0.8423433338139187,0.6259958172330757,-0.0051372580890786,-0.5730015501056224,0.1365691908496802,0
120.997102,14.529416,-0.0521716557484115,-0.8423433338139187,0.5934928196413364,-0.1028200179468113,-0.6575506798763358,0.054682788148926,0
121.0245799,14.4521766,-0.035382730237658,0.1324446385661928,1.5952675221848394,0.0093094025048975,-0.158013289267074,-0.2566009924988098,0
120.997102,14.529416,-0.0521716557484115,-0.8423433338139187,0.5934928196413364,-0.1028200179468113,-0.6575506798763358,0.054682788148926,0
120.997102,14.529416,-0.0521716557484115,-0.8423433338139187,0.5934928196413364,-0.1028200179468113,-0.6575506798763358,0.054682788148926,0
121.008496,14.492371,-0.42152801698499,-0.593981555650356,2.2515677227722697,-0.0322178889579978,0.3843902860666479,-0.3749765019342269,0
121.0245799,14.4521766,-0.035382730237658,0.1324446385661928,1.5929964077495269,0.1975909926774813,-0.1008254364907465,-0.2421808967032453,0
121.0132574,14.4896303,-0.3627667776973525,-0.4734927969392444,2.29971689314041,0.102845639476483,0.4787414670098168,-0.2603195435847508,0
120.997102,14.529416,-0.3040055384097151,-0.8423433338139187,0.5904437350060331,-0.1877047009346324,-0.6839916508065519,0.0404003446188582,0
121.008496,14.492371,1.584748581550061,-0.593981555650356,2.709822996188098,1.519825854867847,1.4891515165067593,0.7683137738325724,-1
121.0245799,14.4521766,-0.035382730237658,0.1324446385661928,1.512437936770033,-0.2002799178389005,-0.318555247786483,-0.4526304007085587,0
121.0132574,14.4896303,-0.3040055384097151,-0.4734927969392444,2.173696186872033,0.0882421726555154,0.3453427041913265,-0.5246211463003726,0
120.985714,14.509206,-0.3795557032081061,-0.8164829146317664,1.974390963768385,-0.3890801708196326,-0.2211346150920371,-0.9518049997689744,0
121.0040161,14.538007,-0.3879501659634829,-0.8627104547881485,-1.9948992717394864,2.629172014050001,0.381823369710852,-2.7622562628950487,5
121.0046692,14.5388534,0.233240077934399,-0.8501236344753247,-1.8411432043558136,2.8210045275300226,0.5116378979493197,-2.586658138015057,5
120.990226,14.55323,1.3329146988887577,-0.7844122636316226,-2.1937206111515044,3.82536347853539,0.8768182574738069,-1.343424479153958,5
121.0013263,14.5500199,1.7106655228807128,-0.8596034541563182,-3.168808161627287,2.9709168994840214,0.8919415227851136,-1.253002413819697,5
121.003654,14.5405683,-0.4970781817833811,-0.8602924103353975,-2.607776327091833,3.180061798935604,0.0270051104807675,-2.039539990864537,5
120.9997968,14.53747,-0.4970781817833811,-0.903613781046134,-2.5169933938861684,2.826643166264048,0.5332011700534564,-2.128131301449778,5
120.99509,14.54498,-0.0622450110548637,-0.8384343939588867,-2.853827385291434,3.557451889420966,0.1954763959138118,-1.3274690874900592,5
121.0040161,14.538007,2.7599733673028104,-0.8627104547881485,0.2146662496047467,8.91710657851418,5.619883893213126,2.6875215375732853,-1
120.9997968,14.53747,-0.4928809504056927,-0.903613781046134,-2.558408186593572,2.721848506092149,0.4529301907937519,-2.2261460055546523,5
121.097996,14.612889,-0.2788221501435847,1.018173193115892,0.2919825260846057,-0.4947043015045647,-0.1423354444864041,0.3199456800786299,0
121.092082,14.604707,-0.1361162833021794,1.0142952807116603,0.7705135345435008,-0.8527556956807298,0.6164542464993132,-0.1042536473506192,0
121.072573,14.582943,-0.3350650506046091,0.8158877966837154,-0.3951874781173092,-1.1708295416776064,-0.2697501108485404,0.1103776253102127,0
121.089097,14.588464,-0.3711612404527293,1.2093168795763167,-0.1659103888869892,-1.25932273072984,0.8567692106369892,0.270724653601087,0
121.093698,14.601887,-0.5701100077551591,1.080965118754051,0.6514596737418789,-1.218508025880246,0.2585815835818891,-0.6173673826994617,0
121.081755,14.590053,-0.3879501659634829,1.0747671252445217,0.0790105667205365,-1.114950075782977,0.1790700913581753,-0.221792518530261,0
121.093698,14.601887,-0.4299224797403668,1.080965118754051,0.6443866632281658,-1.181286222344015,0.2520612567834582,-0.6305806986902585,0
121.089097,14.588464,-0.4131335542296133,1.2093168795763167,-0.1572480921822956,-1.2837055599456515,0.8612399428246512,0.2869855791896146,0
121.087967,14.613073,-0.3795557032081061,0.8314104311684987,0.4541537166791452,-0.2744846563549675,0.0302540016895744,0.4271525025142633,0
121.047541,14.714922,-0.3879501659634829,0.471337469299642,-0.9957095202306075,-0.4591520764571281,1.3842227223481949,-1.414228516545838,4
121.0708,14.62078,-0.5054726445387578,0.4261917947040405,-2.218454689821676,-0.6743709905306726,1.0424386982775524,-0.5065865944747148,4
121.0572,14.61777,-0.2200609108559472,0.2539072317092482,-2.578846958379404,0.6369647987598076,-0.6668912794054752,0.0585798796619449,6
121.0572,14.61777,0.9131915611199184,0.2539072317092482,-1.376440970999376,3.0114571021378995,1.603025017329913,2.866924398778614,-1
121.0293966,14.6671154,-0.3879501659634829,-0.6578224931724419,-1.5612794615823833,-0.3898341384145876,1.615881632372375,-0.6815507314317376,4
121.042788,14.6820013,-0.3879501659634829,-0.2141100043881365,-1.0384963650343593,-0.384039179583331,1.3677569127118885,-1.2430860770484926,4
121.031,14.66588,-0.3879501659634829,-0.6527473275691865,-1.659782286531189,-0.4707324779807755,1.424880193563311,-0.8467951205338987,4
121.04426,14.626617,0.4514961095741954,-0.077997685729129,-2.287436024035337,0.1545899235778785,1.2397198313732016,-0.1114172582102284,4
121.014874,14.643229,-0.1369557295777171,-0.5875342670609368,-1.6034121741173109,0.0586773148929041,1.1898285032515206,-0.4122404259892603,4
121.0572,14.61777,0.4095237957973114,0.2539072317092482,-2.5716853086908458,0.6616984426096195,-0.6612191462422855,0.0741063920768654,6
121.038526,14.62746,0.115717599359124,-0.1616867373760998,-2.1251924617579667,0.4976493247379477,1.9756846609913816,0.8065116666951072,-1
121.0572,14.61777,-0.0689605812591651,0.2539072317092482,-2.42604903995461,0.91115603590244,-0.3881914846801377,0.4124393303177248,6
121.0443089,14.6621443,-0.5432477269379534,-0.4207324394193007,-1.1629303521077694,-0.5956589716873076,1.005197142942435,-1.442674408610066,4
121.0708,14.62078,-0.4047390914742365,0.4261917947040405,-2.1888376036187074,-0.590607027899462,1.1121580811872145,-0.4336571099320315,4
120.9933,14.62769,-0.345977852186599,-0.6839985164154809,-2.2965539284095247,-0.7480173738114733,0.9757436575778704,-0.7832218061588816,4
120.9933,14.62769,-0.3124000011650918,-0.6839985164154809,-2.3058404991500216,-0.7759267337708254,0.9515867633576668,-0.80661792121624,4
121.0154,14.62435,-0.4467114052511204,-0.2269813448812992,-2.1604399328309416,-0.8008522025067296,1.0612208936282064,-0.6379010672515738,4
121.03985,14.62808,-0.5180643386718231,-0.1589690062627724,-2.784052151723298,-0.599799453758197,0.8945255104507419,-0.467462293759236,4
121.049634,14.721256,-0.0269882674822812,0.6197133085874401,-0.8504610427493504,-0.1416497945152129,1.7223289055248476,-1.0871075386229834,4
121.0521,14.7214,-0.4970781817833811,0.6449336452808347,-0.9954186709166932,-0.6746421190966436,1.3436379370303713,-1.5661052088080962,4
121.0443089,14.6621443,-0.5432477269379534,-0.4207324394193007,-1.1629303521077694,-0.5956589716873076,1.005197142942435,-1.442674408610066,4
121.0594362,14.6310662,-0.2872166128989615,0.0895765400936255,-2.4085679177019226,-0.0864127339537134,1.1252827182228546,-0.1250515275444033,4
121.03781,14.650205,0.0967874562610427,-0.5366774988461013,-2.6016176556581274,-0.4458568993339948,0.9279226361560124,-0.0093495167211576,4
121.030643,14.704323,0.115717599359124,0.1305065297939784,-1.072886606433968,0.1821274634144908,1.7728176181270194,-0.2431801658801388,4
121.049276,14.695099,-0.4718947935172508,0.1041374099553876,-0.8269326261635762,-0.7515257834034758,1.2235793414008913,-1.8238074744176809,4
121.0443089,14.6621443,-0.5432477269379534,-0.4207324394193007,-1.1632064507258189,-0.5963576027551203,1.0046620030807036,-1.4433278399707652,4
120.9933,14.62769,-0.3207944639204687,-0.6839985164154809,-2.114321468681003,-0.4125743350479642,1.3104665725065523,-0.3604051014961129,4
121.0245,14.66958,-0.3795557032081061,-0.6590492546319967,-1.1859320428052114,-0.5385281244329803,1.5128364875375808,-1.230674718108539,4
121.0245,14.66958,-0.5823995012290307,-0.6590492546319967,-1.2902002997823498,-0.8354427251040232,1.2820055237796366,-1.4845272818364144,4
121.031,14.66588,-0.2452442991220776,-0.6527473275691865,-1.5394404128359378,-0.3139456438837305,1.6263030866887151,-0.5739925555230876,4
121.0572,14.61777,0.2416345406897758,0.2539072317092482,-2.694531298339673,0.403766561371579,-0.8952117144976922,-0.2138111041240236,6
121.022758,14.659539,-0.1780885970790634,-0.8811399991659098,-2.3828453395454763,0.4385644492876696,0.8531416368950027,0.4315275944088326,4
121.0572,14.61777,-0.1361162833021794,0.2539072317092482,-2.443215088138279,0.8280343728606335,-0.4245455512514862,0.3697003125516104,6
121.04426,14.626617,-0.2611937783572935,-0.077997685729129,-2.390626372138096,-0.2233829281850657,0.9812107023119668,-0.3719120270644838,4
121.0521,14.7214,-0.0101993419715276,0.6449336452808347,-0.9024259330370488,-0.4128707651858211,1.5608231836853286,-1.337515284769559,4
121.042123,14.6765325,-0.4844864876503159,-0.3124779413233964,-1.2499248853973637,-0.6238896703634336,1.0673339709217005,-1.4140215773101792,4
121.06821,14.702178,-0.5138671072941347,0.49651068628275,-1.7477290050354155,-0.282942809484378,1.0452233284113044,-0.7863235982137324,4
121.06821,14.702178,-0.2956110756543383,0.49651068628275,-1.5242042205357855,0.1084779142383521,1.44458240975128,-0.2707307917967283,4
121.0306,14.61633,-0.1445107460575561,0.0111584769473233,-0.520676095531999,-1.0298504266738606,0.6246885260666678,0.2354079934399376,3
121.032076,14.632936,0.8028883205142675,-0.3345207313093978,-2.4745215325062877,-0.1801951649094083,0.9467112987470636,-0.046246984502895,4
121.057875,14.636902,-0.2872166128989615,-0.0099779276083729,-2.120042617652386,-0.4920150212259247,0.9553490084425637,-0.8307453994368946,4
121.0572,14.61777,-0.1612996715683097,0.2539072317092482,-2.6509077166878745,0.5141502700859792,-0.8106596163441367,-0.1105689491335558,6
121.076504,14.640624,0.9635583376521792,0.3306746676672684,-1.770115389231835,-0.1561516641251188,0.7861862916938147,-0.8223526221742324,4
120.9933,14.62769,0.2416345406897758,-0.6839985164154809,-2.2183676283649665,-0.5523827334473513,1.1242071689871778,-0.5988904554778117,4
121.0708,14.62078,-0.4047390914742365,0.4261917947040405,-2.185908529647717,-0.5964238087886007,1.1168077746643477,-0.4274292665521625,4
121.0572,14.61777,0.0317729718053562,0.2539072317092482,-2.337193218807326,1.096308702900695,-0.2190518443466427,0.6206179550600891,6
121.03781,14.632093,-0.3040055384097151,-0.2588720483837941,-2.684866477274461,-0.3057031232494585,0.4838443494639005,-0.3403052783500876,4
121.0528,14.6462,-0.3879501659634829,-0.1996351086105426,-2.648627276878811,-1.121615350411608,1.5663098410630574,-0.2418163260484704,4
121.0115,14.61162,-0.3040055384097151,-0.3040253701213796,-1.8143254494598615,-0.6877290683213448,1.2444046519252967,-0.9327440806903388,4
121.0528,14.6462,-0.3627667776973525,-0.1996351086105426,-2.6472342894909358,-1.1842370015740986,1.5464273406288462,-0.2455906048262623,4
121.0528,14.6462,-0.1193273577914258,-0.1996351086105426,-2.137110854884948,-0.1028688724725897,2.591577319927665,0.96533680423758,-1
121.0264229,14.6050714,-0.5482844045911794,0.0315313505248697,1.4893626428499964,-1.4050059916627555,-1.3981212578862534,0.6130200657488232,0
121.0468908,14.6011932,1.0391085024505702,0.4473178718809082,2.306406165058328,-0.3881026422311953,-1.809756186730461,0.953058391274678,-1
121.0468908,14.6011932,0.8124580080553968,0.4473178718809082,2.210936120176195,-0.6561338058967192,-1.996853129031605,0.725704768657823,-1
121.0468908,14.6011932,0.9131915611199184,0.4473178718809082,2.39487808550402,-0.0914689930873714,-1.5890145743371955,1.175188860135175,-1
121.0205353,14.6029057,-0.0941439695252955,-0.094884145171025,1.062958699780129,-1.4598924470664023,-0.671032480825068,1.32986953547225,0
121.0230267,14.6034566,-0.4299224797403668,-0.0413037359818061,1.267251985581338,-1.6321942404757146,-0.7599039326109739,1.032345717812903,0
121.036376,14.517219,0.4095237957973114,-0.0233964148451637,1.8776819806837903,-0.8497871932258455,0.3089908146729647,-0.3074577591793463,0
121.036376,14.517219,0.4095237957973114,-0.0233964148451637,1.8776819806837903,-0.8497871932258455,0.3089908146729647,-0.3074577591793463,0
121.036376,14.517219,0.4095237957973114,-0.0233964148451637,2.1194963707479846,-0.5465853427894827,0.6955556037449542,0.2365693185436127,0
121.050318,14.540867,0.4095237957973114,0.1480339089916264,1.7184225251448473,0.0977875332634971,-0.4699766235359577,0.6930724566301592,0
121.036376,14.517219,0.4095237957973114,-0.0233964148451637,1.8312491269813056,-0.9893339930226064,0.1882063435719455,-0.4244383344661382,0
121.036376,14.517219,0.4095237957973114,-0.0233964148451637,2.1190822228209107,-0.5476332893912017,0.6947528939523571,0.235589171502564,0
121.0521,14.52655,-0.3879501659634829,0.2186023811146665,1.355855263168225,-0.7604115945539445,-0.4436048206732281,-0.0245142571691528,0
121.050318,14.540867,1.081080816227454,0.1480339089916264,1.426656322882419,-0.2965234180137451,-0.90409919662543,0.0421701870514436,0
121.050318,14.540867,1.081080816227454,0.1480339089916264,1.426656322882419,-0.2965234180137451,-0.90409919662543,0.0421701870514436,0
121.0553,14.53712,-0.5348532641825766,0.2563412087646855,1.5467213713647776,-0.8914180631954552,-1.109700468663769,-0.5033457429706308,0
121.050318,14.540867,-0.4467114052511204,0.1480339089916264,1.2842389143503634,-0.7495168238140232,-1.291997550035188,-0.321110963105904,0
121.050318,14.540867,1.9205270917651325,0.1480339089916264,1.4455895886200387,-0.3654916354024996,-0.978240701115272,0.0600515394141077,0
121.036376,14.517219,0.2248456151790222,-0.0233964148451637,2.119141584023791,-0.547483083711622,0.6948679490226293,0.2357296592451142,0
121.036376,14.517219,0.4934684233510793,-0.0233964148451637,2.0872708047822903,-0.6016710479873142,0.6351503599953424,0.1617109368371047,0
121.050318,14.540867,-0.5222615700495115,0.1480339089916264,1.2812018295518204,-0.7572017655599625,-1.2978840885142329,-0.3282987080735948,0
121.050318,14.540867,0.2248456151790222,0.1480339089916264,1.397317497062236,-0.4435416177494986,-1.0625626682020044,-0.0506612583788445,0
121.050318,14.540867,0.2248456151790222,0.1480339089916264,1.7180083772177732,0.0967395866617781,-0.4707793333285548,0.6920923095891104,0
121.036376,14.517219,0.0653508228268633,-0.0233964148451637,1.7580808879318288,-1.1502164937618666,0.080256324003953,-0.5898038139652907,0
121.065172,14.531149,0.4934684233510793,0.4816569020753783,1.643189686433608,-0.5020895434101094,0.3075603069718904,0.5322786847041007,0
121.036376,14.517219,0.4095237957973114,-0.0233964148451637,2.1194963707479846,-0.5465853427894827,0.6955556037449542,0.2365693185436127,0
121.050318,14.540867,0.2248456151790222,0.1480339089916264,1.7180083772177732,0.0967395866617781,-0.4707793333285548,0.6920923095891104,0
120.973993,14.689887,0.0737452855822401,-0.1114208043595671,1.771130622589011,0.3528607497307863,0.2488188842276514,0.699013444985935,0
121.0117673,14.6948781,-0.4223674632605277,-0.07867891082935,2.2513053215308885,-1.236621568796108,-0.0026822582791049,-1.1822683856670797,0
120.9656346,14.7087068,-0.4299224797403668,0.3452737271169239,2.248646887636692,-1.146314545574326,0.1469335397897336,-1.0015512530494373,0
