Price,Num_Bedrooms,Num_Bathrooms,Floor_Area,Land_Area,LRTHubDist,BusCount,MallCount,SchoolCount,HospitalCount,ATMCount,employment_generation,local_economy_growth,local_economy_size,presence_of_business_and_professional_organizations,safety_compliant_business,DBSCAN_Cluster
40000000.0,5.0,0.0,700.0,0.0,0.790786555433662,15,2,15,10,12,0.1654,0.3167,0.0555,0.0567,0.8881,0
60000000.0,19.0,0.0,1818.16,0.0,1.85923471695954,6,3,17,2,3,0.1654,0.3167,0.0555,0.0567,0.8881,0
31500000.0,5.0,5.0,268.0,0.0,0.421714679829262,8,0,19,6,8,0.1654,0.3167,0.0555,0.0567,0.8881,0
25000000.0,10.0,10.0,304.0,0.0,3.17052059906158,15,0,11,3,1,0.1654,0.3167,0.0555,0.0567,0.8881,0
35000000.0,27.0,0.0,0.0,0.0,2.80419759670723,2,0,9,1,0,0.1654,0.3167,0.0555,0.0567,0.8881,0
30000000.0,1.0,1.0,23.0,0.0,11.5935890362897,0,0,5,0,0,0.1654,0.3167,0.0555,0.0567,0.8881,0
7800000.0,6.0,6.0,55.0,0.0,17.4717437310338,3,0,7,0,0,0.5837,0.0121,0.1525,0.2494,1.4727,0
8231000.0,8.0,4.0,333.0,0.0,6.04094733764193,9,1,5,2,1,0.254,0.0116,0.2906,0.0843,1.043,0
18500000.0,2.0,0.0,101.0,0.0,22.698437081916,0,0,3,0,0,0.1088,0.0136,0.0487,0.0026,0.2485,0
22000000.0,1.0,0.0,0.0,0.0,13.2835905668804,5,0,0,0,1,0.5837,0.0121,0.1525,0.2494,1.4727,0
100000000.0,1.0,1.0,225.0,0.0,37.1022594958161,1,0,2,0,1,0.1088,0.0136,0.0487,0.0026,0.2485,-1
9900000.0,4.0,0.0,588.0,0.0,7.20042290971307,0,1,5,2,1,0.254,0.0116,0.2906,0.0843,1.043,0
4900000.0,1.0,0.0,262.0,0.0,7.20042290971307,0,1,5,2,1,0.254,0.0116,0.2906,0.0843,1.043,0
3600000.0,3.0,3.0,100.0,0.0,12.3221941799372,0,2,6,1,1,0.169,0.0006,0.0934,0.0181,0.3365,0
4900000.0,1.0,0.0,262.0,0.0,7.20042290971307,0,1,5,2,1,0.254,0.0116,0.2906,0.0843,1.043,0
9900000.0,1.0,0.0,576.0,0.0,7.20042290971307,0,1,5,2,1,0.254,0.0116,0.2906,0.0843,1.043,0
9900000.0,1.0,0.0,588.0,0.0,7.20042290971307,0,1,5,2,1,0.254,0.0116,0.2906,0.0843,1.043,0
4900000.0,1.0,0.0,262.0,0.0,7.20042290971307,0,1,5,2,1,0.254,0.0116,0.2906,0.0843,1.043,0
25000000.0,12.0,12.0,0.0,0.0,5.19336427601247,0,0,13,0,1,0.254,0.0116,0.2906,0.0843,1.043,0
650311600.0,169.0,169.0,10059.0,0.0,42.5688392787028,0,0,0,0,0,0.1218,0.0016,0.0136,0.0152,0.2777,-1
115000000.0,16.0,0.0,2000.0,0.0,22.698437081916,0,0,3,0,0,0.1088,0.0136,0.0487,0.0026,0.2485,-1
5000000.0,1.0,1.0,160.0,0.0,17.7986470414089,27,2,3,2,18,0.5837,0.0121,0.1525,0.2494,1.4727,0
3450000.0,2.0,2.0,84.0,0.0,12.1965796701453,0,0,1,0,0,0.5837,0.0121,0.1525,0.2494,1.4727,0
20000000.0,23.0,0.0,0.0,0.0,8.52328641669399,0,0,1,0,0,0.3727,0.0,0.1187,0.0,0.6357,0
18000000.0,14.0,14.0,670.0,0.0,40.3785718386616,0,0,2,0,0,0.1088,0.0136,0.0487,0.0026,0.2485,-1
4800000.0,3.0,3.0,96.0,0.0,22.1043837216916,0,0,1,0,0,0.3407,0.0132,0.703,0.0155,1.4269,-1
11000000.0,10.0,9.0,270.0,0.0,0.370363744145301,11,0,20,3,0,0.3538,0.0121,0.1372,0.0301,0.947,0
60000000.0,19.0,18.0,650.0,0.0,1.91273749969715,7,1,11,0,2,0.1593,0.1281,0.0403,0.0,0.2772,0
60000000.0,19.0,19.0,900.0,0.0,1.91273749969715,7,1,11,0,2,0.1593,0.1281,0.0403,0.0,0.2772,0
15000000.0,3.0,3.0,292.0,0.0,1.91273749969715,7,1,11,0,2,0.1593,0.1281,0.0403,0.0,0.2772,0
8500000.0,2.0,1.0,150.0,0.0,5.71267280725422,0,0,12,2,0,0.1593,0.1281,0.0403,0.0,0.2772,0
6500000.0,5.0,5.0,220.0,0.0,1.93263753761573,14,0,14,1,0,0.1593,0.1281,0.0403,0.0,0.2772,0
7000000.0,5.0,4.0,300.0,0.0,2.29178686701429,4,0,13,0,1,0.1593,0.1281,0.0403,0.0,0.2772,0
16000000.0,6.0,0.0,400.0,0.0,4.60459941732289,24,1,12,2,3,0.1593,0.1281,0.0403,0.0,0.2772,0
23000000.000000004,16.0,8.0,550.0,0.0,7.00455244741367,1,0,7,0,1,0.1593,0.1281,0.0403,0.0,0.2772,0
38000000.00000001,22.0,23.0,850.0,0.0,1.13179688310046,9,0,11,5,0,0.1593,0.1281,0.0403,0.0,0.2772,0
9500000.0,10.0,10.0,350.0,0.0,6.231178122715,12,1,3,0,6,0.1593,0.1281,0.0403,0.0,0.2772,0
26000000.0,4.0,3.0,310.0,0.0,3.33459740098565,21,1,11,4,2,0.1593,0.1281,0.0403,0.0,0.2772,0
18000000.0,11.0,11.0,450.0,0.0,3.59794852654164,0,0,17,4,1,0.1593,0.1281,0.0403,0.0,0.2772,0
35000000.0,13.0,13.0,500.0,0.0,2.1701569035164,9,1,7,2,2,0.1593,0.1281,0.0403,0.0,0.2772,0
17500000.0,12.0,11.0,420.0,0.0,8.39823224560783,3,0,2,0,0,0.1593,0.1281,0.0403,0.0,0.2772,0
22000000.0,8.0,8.0,60.0,0.0,8.17997233732319,3,0,2,0,0,0.1593,0.1281,0.0403,0.0,0.2772,0
25000000.0,14.0,28.0,850.0,0.0,4.89259455886982,12,1,15,3,3,0.1593,0.1281,0.0403,0.0,0.2772,0
25000000.0,6.0,0.0,700.0,0.0,1.93263753761573,14,0,14,1,0,0.1593,0.1281,0.0403,0.0,0.2772,0
70000000.0,45.0,45.0,1200.0,0.0,6.231178122715,12,1,3,0,6,0.1593,0.1281,0.0403,0.0,0.2772,0
19000000.000000004,19.0,19.0,530.0,0.0,5.71267280725422,0,0,12,2,0,0.1593,0.1281,0.0403,0.0,0.2772,0
4500000.0,1.0,0.0,0.0,0.0,6.231178122715,12,1,3,0,6,0.1593,0.1281,0.0403,0.0,0.2772,0
22000000.0,20.0,20.0,411.0,0.0,2.1701569035164,9,1,7,2,2,0.1593,0.1281,0.0403,0.0,0.2772,0
65000000.0,22.0,22.0,1020.0,0.0,2.08563204474411,6,0,13,0,1,0.1593,0.1281,0.0403,0.0,0.2772,0
20000000.0,10.0,10.0,450.0,0.0,4.89259455886982,12,1,15,3,3,0.1593,0.1281,0.0403,0.0,0.2772,0
40000000.0,28.0,0.0,0.0,0.0,8.17997233732319,3,0,2,0,0,0.1593,0.1281,0.0403,0.0,0.2772,0
7000000.0,6.0,6.0,160.0,0.0,0.216167064459452,11,0,8,3,0,0.1593,0.1281,0.0403,0.0,0.2772,0
20000000.0,4.0,3.0,161.0,0.0,8.17997233732319,3,0,2,0,0,0.1593,0.1281,0.0403,0.0,0.2772,0
22000000.0,21.0,14.0,0.0,0.0,7.83931926632118,4,0,5,0,2,0.2558,0.1939,0.1235,0.0954,0.2329,0
85000000.0,58.0,43.0,1243.0,0.0,7.83931926632118,4,0,5,0,2,0.2558,0.1939,0.1235,0.0954,0.2329,0
25530000.0,18.0,15.0,359.0,0.0,7.83931926632118,4,0,5,0,2,0.2558,0.1939,0.1235,0.0954,0.2329,0
55000000.0,14.0,7.0,750.0,0.0,2.2691232871012,4,0,16,0,5,1.0473,0.2141,1.3742,0.0185,0.7263,0
18500000.0,1.0,1.0,221.75,0.0,5.01926971326027,15,1,16,1,7,1.0473,0.2141,1.3742,0.0185,0.7263,0
27000000.000000004,1.0,1.0,277.2,0.0,5.01926971326027,15,1,16,1,7,1.0473,0.2141,1.3742,0.0185,0.7263,0
23000000.000000004,3.0,2.0,152.0,0.0,1.54070787187374,16,2,18,1,24,1.0473,0.2141,1.3742,0.0185,0.7263,0
32500000.0,6.0,0.0,0.0,0.0,1.55922466738988,40,4,15,1,40,1.0473,0.2141,1.3742,0.0185,0.7263,0
28000000.0,10.0,9.0,123.0,0.0,6.1884056296837,10,3,14,3,15,1.0473,0.2141,1.3742,0.0185,0.7263,0
43900000.0,20.0,20.0,0.0,0.0,2.28037737500924,15,2,12,1,15,1.0473,0.2141,1.3742,0.0185,0.7263,0
205000000.0,26.0,0.0,1470.0,0.0,0.891694090278903,20,2,21,2,13,1.0473,0.2141,1.3742,0.0185,0.7263,0
1282000000.0,82.0,0.0,5128.0,0.0,3.97002691103628,8,3,14,0,15,1.0473,0.2141,1.3742,0.0185,0.7263,-1
12000000.0,7.0,0.0,140.0,0.0,6.73847589464718,14,5,37,2,9,1.0473,0.2141,1.3742,0.0185,0.7263,0
180000000.0,55.0,0.0,0.0,0.0,4.82308338829801,5,2,21,0,4,1.0473,0.2141,1.3742,0.0185,0.7263,0
48000000.0,4.0,4.0,685.0,0.0,1.29813630709615,25,3,14,1,14,1.0473,0.2141,1.3742,0.0185,0.7263,0
11000000.0,2.0,2.0,104.0,0.0,1.54070787187374,16,2,18,1,24,1.0473,0.2141,1.3742,0.0185,0.7263,0
60000000.0,7.0,8.0,720.0,0.0,3.95371363554156,8,3,14,0,15,1.0473,0.2141,1.3742,0.0185,0.7263,0
90000000.0,21.0,20.0,800.0,0.0,4.68523882842933,11,1,20,1,8,1.0473,0.2141,1.3742,0.0185,0.7263,0
28000000.0,10.0,19.0,300.0,0.0,6.1884056296837,10,3,14,3,15,1.0473,0.2141,1.3742,0.0185,0.7263,0
32000000.0,10.0,11.0,400.0,0.0,3.00150108604283,4,3,8,0,3,1.0473,0.2141,1.3742,0.0185,0.7263,0
196080000.0,6.0,6.0,0.0,0.0,1.54070787187374,16,2,18,1,24,1.0473,0.2141,1.3742,0.0185,0.7263,0
30000000.0,14.0,0.0,480.0,0.0,6.1884056296837,10,3,14,3,15,1.0473,0.2141,1.3742,0.0185,0.7263,0
95000000.0,25.0,0.0,1100.0,0.0,5.35473689858411,19,1,22,1,7,1.0473,0.2141,1.3742,0.0185,0.7263,0
65000000.0,24.0,24.0,800.0,0.0,1.55922466738988,40,4,15,1,40,1.0473,0.2141,1.3742,0.0185,0.7263,0
40000000.0,10.0,5.0,400.0,0.0,6.73847589464718,14,5,37,2,9,1.0473,0.2141,1.3742,0.0185,0.7263,0
80000000.0,10.0,10.0,325.0,0.0,1.56937611929952,3,0,19,0,8,1.0473,0.2141,1.3742,0.0185,0.7263,0
112000000.0,22.0,0.0,0.0,0.0,6.47012028641756,3,1,16,4,7,1.0473,0.2141,1.3742,0.0185,0.7263,0
70000000.0,16.0,0.0,600.0,0.0,0.891694090278903,20,2,21,2,13,1.0473,0.2141,1.3742,0.0185,0.7263,0
650000000.0,82.0,82.0,5128.38,0.0,3.95371363554156,8,3,14,0,15,1.0473,0.2141,1.3742,0.0185,0.7263,-1
54000000.00000001,5.0,5.0,335.0,0.0,2.2691232871012,4,0,16,0,5,1.0473,0.2141,1.3742,0.0185,0.7263,0
41760000.0,4.0,0.0,0.0,0.0,5.01926971326027,15,1,16,1,7,1.0473,0.2141,1.3742,0.0185,0.7263,0
150000000.0,1.0,1.0,1100.0,0.0,3.00150108604283,4,3,8,0,3,1.0473,0.2141,1.3742,0.0185,0.7263,0
11050000.0,2.0,2.0,40.0,0.0,3.27706030645861,29,9,8,0,45,1.0473,0.2141,1.3742,0.0185,0.7263,-1
100000000.0,4.0,4.0,331.0,0.0,3.31910268584829,11,6,13,0,16,1.0473,0.2141,1.3742,0.0185,0.7263,0
550000000.0,1.0,0.0,5878.0,0.0,3.32286201231306,15,6,12,0,19,1.0473,0.2141,1.3742,0.0185,0.7263,-1
350000000.0,51.0,0.0,5557.0,0.0,3.32274828600465,15,6,12,0,19,1.0473,0.2141,1.3742,0.0185,0.7263,-1
43000000.0,127.0,0.0,891.0,0.0,1.55922466738988,40,4,15,1,40,1.0473,0.2141,1.3742,0.0185,0.7263,-1
24000000.0,1.0,0.0,450.0,0.0,1.54070787187374,16,2,18,1,24,1.0473,0.2141,1.3742,0.0185,0.7263,0
65000000.0,152.0,0.0,969.0,0.0,4.00969895934642,12,1,4,0,11,1.0473,0.2141,1.3742,0.0185,0.7263,-1
9000000.0,2.0,2.0,40.0,0.0,1.55922466738988,40,4,15,1,40,1.0473,0.2141,1.3742,0.0185,0.7263,0
38912000.0,7.0,0.0,256.0,0.0,5.35473689858411,19,1,22,1,7,1.0473,0.2141,1.3742,0.0185,0.7263,0
650000000.0,65.0,0.0,5128.38,0.0,3.97002691103628,8,3,14,0,15,1.0473,0.2141,1.3742,0.0185,0.7263,-1
200000000.0,28.0,0.0,0.0,0.0,3.28373814655962,5,4,8,0,7,0.2002,0.13,0.102,0.0343,0.7127,0
60000000.0,6.0,6.0,320.0,0.0,3.28373814655962,5,4,8,0,7,0.2002,0.13,0.102,0.0343,0.7127,0
230000000.0,7.0,0.0,2083.4,0.0,4.82308338829801,5,2,21,0,4,1.0473,0.2141,1.3742,0.0185,0.7263,0
330000000.0,1.0,0.0,2590.0,0.0,4.58177327137671,11,1,16,1,6,1.0473,0.2141,1.3742,0.0185,0.7263,0
7000000.0,1.0,1.0,73.0,0.0,1.6402384753289,29,4,14,0,20,1.0473,0.2141,1.3742,0.0185,0.7263,0
37000000.0,13.0,11.0,97.0,0.0,3.00150108604283,4,3,8,0,3,1.0473,0.2141,1.3742,0.0185,0.7263,0
86000000.0,9.0,9.0,934.8,0.0,0.891694090278903,20,2,21,2,13,1.0473,0.2141,1.3742,0.0185,0.7263,0
25000000.0,7.0,0.0,350.0,0.0,6.47012028641756,3,1,16,4,7,1.0473,0.2141,1.3742,0.0185,0.7263,0
65000000.0,10.0,10.0,969.0,0.0,1.55922466738988,40,4,15,1,40,1.0473,0.2141,1.3742,0.0185,0.7263,0
114900000.0,17.0,0.0,0.0,0.0,6.5750481198903,15,2,25,1,1,1.0473,0.2141,1.3742,0.0185,0.7263,0
45000000.0,11.0,11.0,1408.0,0.0,0.891694090278903,20,2,21,2,13,1.0473,0.2141,1.3742,0.0185,0.7263,0
57999999.99999999,7.0,7.0,432.0,0.0,3.27706030645861,29,9,8,0,45,1.0473,0.2141,1.3742,0.0185,0.7263,-1
45000000.0,4.0,5.0,343.0,0.0,3.28373814655962,5,4,8,0,7,0.2002,0.13,0.102,0.0343,0.7127,0
650000000.0,82.0,82.0,5128.38,0.0,3.97002691103628,8,3,14,0,15,1.0473,0.2141,1.3742,0.0185,0.7263,-1
65000000.0,10.0,10.0,250.0,0.0,5.01926971326027,15,1,16,1,7,1.0473,0.2141,1.3742,0.0185,0.7263,0
49999999.99999999,5.0,5.0,201.0,0.0,1.55922466738988,40,4,15,1,40,1.0473,0.2141,1.3742,0.0185,0.7263,0
49999999.99999999,10.0,10.0,800.0,0.0,1.29813630709615,25,3,14,1,14,1.0473,0.2141,1.3742,0.0185,0.7263,0
120000000.0,1.0,1.0,40.0,0.0,5.35473689858411,19,1,22,1,7,1.0473,0.2141,1.3742,0.0185,0.7263,0
17500000.0,6.0,5.0,130.0,0.0,3.28373814655962,5,4,8,0,7,0.2002,0.13,0.102,0.0343,0.7127,0
13500000.0,5.0,5.0,170.0,0.0,6.39031758893631,13,6,10,1,64,0.0841,1.1379,0.4071,0.2414,0.2642,-1
55000000.0,1.0,1.0,576.0,0.0,4.39146317958788,5,0,23,0,7,0.0841,1.1379,0.4071,0.2414,0.2642,1
35000000.0,10.0,5.0,240.0,0.0,5.4752531996667,10,2,16,2,17,0.0841,1.1379,0.4071,0.2414,0.2642,1
53000000.0,9.0,9.0,720.0,0.0,3.48208090601579,2,0,10,0,3,0.0841,1.1379,0.4071,0.2414,0.2642,1
35000000.0,8.0,4.0,800.0,0.0,4.81452337647543,18,1,27,0,13,0.0841,1.1379,0.4071,0.2414,0.2642,1
7000000.0,3.0,3.0,102.0,0.0,6.39031758893631,13,6,10,1,64,0.0841,1.1379,0.4071,0.2414,0.2642,-1
93000000.0,4.0,3.0,640.0,0.0,4.39146317958788,5,0,23,0,7,0.0841,1.1379,0.4071,0.2414,0.2642,1
75000000.0,22.0,0.0,700.0,0.0,4.93258263102134,10,0,23,1,16,0.0841,1.1379,0.4071,0.2414,0.2642,1
31200000.0,20.0,15.0,350.0,0.0,4.39146317958788,5,0,23,0,7,0.0841,1.1379,0.4071,0.2414,0.2642,1
45000000.0,12.0,12.0,570.0,0.0,4.39146317958788,5,0,23,0,7,0.0841,1.1379,0.4071,0.2414,0.2642,1
35000000.0,2.0,1.0,30.0,0.0,6.63294689309311,12,8,10,1,64,0.0841,1.1379,0.4071,0.2414,0.2642,-1
3900000.0,2.0,1.0,46.0,0.0,4.93258263102134,10,0,23,1,16,0.0841,1.1379,0.4071,0.2414,0.2642,1
250000000.0,10.0,9.0,1660.0,0.0,4.73389782746171,19,1,28,0,13,0.0841,1.1379,0.4071,0.2414,0.2642,1
2475000.0000000005,1.0,1.0,16.5,0.0,0.450409906581854,41,2,14,15,23,0.46,0.3905,0.3591,0.359,0.6528,0
49500000.0,26.0,26.0,384.0,0.0,0.25149080030171,50,1,22,14,4,0.46,0.3905,0.3591,0.359,0.6528,0
14200000.0,8.0,7.0,300.0,0.0,2.51960668034511,22,0,23,3,5,0.46,0.3905,0.3591,0.359,0.6528,0
29900000.0,2.0,1.0,240.0,0.0,2.71147038013795,3,0,28,2,1,0.46,0.3905,0.3591,0.359,0.6528,0
35000000.0,14.0,13.0,750.0,0.0,3.94362164227761,16,1,16,6,4,0.46,0.3905,0.3591,0.359,0.6528,0
12000000.0,3.0,1.0,150.0,0.0,2.94637224028682,6,0,26,2,2,0.46,0.3905,0.3591,0.359,0.6528,0
59358000.0,8.0,8.0,900.0,0.0,1.48085838609163,58,1,26,11,9,0.46,0.3905,0.3591,0.359,0.6528,0
33000000.0,10.0,10.0,0.0,0.0,1.48085838609163,58,1,26,11,9,0.46,0.3905,0.3591,0.359,0.6528,0
38000000.00000001,15.0,0.0,126.28,0.0,3.94362164227761,16,1,16,6,4,0.46,0.3905,0.3591,0.359,0.6528,0
35000000.0,12.0,0.0,346.0,0.0,1.48085838609163,58,1,26,11,9,0.46,0.3905,0.3591,0.359,0.6528,0
38000000.00000001,1.0,0.0,126.28,0.0,3.94362164227761,16,1,16,6,4,0.46,0.3905,0.3591,0.359,0.6528,0
38000000.00000001,15.0,0.0,126.28,0.0,3.94362164227761,16,1,16,6,4,0.46,0.3905,0.3591,0.359,0.6528,0
35000000.0,8.0,0.0,259.0,0.0,0.412095738654931,26,1,9,3,28,0.46,0.3905,0.3591,0.359,0.6528,0
44000000.0,19.0,0.0,0.0,0.0,2.02897141299393,35,0,18,4,8,0.46,0.3905,0.3591,0.359,0.6528,0
15000000.0,2.0,1.0,168.0,0.0,1.48085838609163,58,1,26,11,9,0.46,0.3905,0.3591,0.359,0.6528,0
41000000.0,13.0,7.0,257.0,0.0,7.532880960218,9,3,11,0,17,0.46,0.3905,0.3591,0.359,0.6528,0
135000000.0,5.0,0.0,384.0,0.0,0.0118193352597599,26,1,12,7,27,0.46,0.3905,0.3591,0.359,0.6528,0
15000000.0,5.0,4.0,1100.0,0.0,2.1480503507855,18,1,15,3,2,0.46,0.3905,0.3591,0.359,0.6528,0
24000000.0,9.0,7.0,236.0,0.0,2.71147038013795,3,0,28,2,1,0.46,0.3905,0.3591,0.359,0.6528,0
5500000.0,2.0,1.0,45.0,0.0,1.31520758373864,45,1,18,9,7,0.46,0.3905,0.3591,0.359,0.6528,0
46000000.00000001,26.0,0.0,503.0,0.0,0.25149080030171,50,1,22,14,4,0.46,0.3905,0.3591,0.359,0.6528,0
25000000.0,3.0,3.0,94.5,0.0,7.532880960218,9,3,11,0,17,0.46,0.3905,0.3591,0.359,0.6528,0
80000000.0,10.0,6.0,900.0,0.0,1.30388647083954,4,0,16,0,7,0.46,0.3905,0.3591,0.359,0.6528,0
25500000.0,1.0,0.0,240.0,0.0,1.83949370365703,31,0,20,0,3,0.46,0.3905,0.3591,0.359,0.6528,0
11000000.0,4.0,4.0,128.0,0.0,0.25149080030171,50,1,22,14,4,0.46,0.3905,0.3591,0.359,0.6528,0
32000000.0,20.0,10.0,500.0,0.0,2.71147038013795,3,0,28,2,1,0.46,0.3905,0.3591,0.359,0.6528,0
22000000.0,10.0,5.0,600.72,0.0,3.94362164227761,16,1,16,6,4,0.46,0.3905,0.3591,0.359,0.6528,0
59358000.0,8.0,8.0,0.0,0.0,0.99590981217744,42,3,37,5,16,0.46,0.3905,0.3591,0.359,0.6528,-1
20000000.0,8.0,8.0,160.0,0.0,1.48085838609163,58,1,26,11,9,0.46,0.3905,0.3591,0.359,0.6528,0
18000000.0,8.0,8.0,180.0,0.0,1.48085838609163,58,1,26,11,9,0.46,0.3905,0.3591,0.359,0.6528,0
28980000.0,9.0,9.0,400.0,0.0,1.48085838609163,58,1,26,11,9,0.46,0.3905,0.3591,0.359,0.6528,0
70000000.0,1.0,0.0,465.0,0.0,1.48085838609163,58,1,26,11,9,0.46,0.3905,0.3591,0.359,0.6528,0
14499999.999999998,3.0,3.0,180.0,0.0,1.48085838609163,58,1,26,11,9,0.46,0.3905,0.3591,0.359,0.6528,0
59358000.0,8.0,8.0,300.0,0.0,1.48085838609163,58,1,26,11,9,0.46,0.3905,0.3591,0.359,0.6528,0
150000000.0,46.0,0.0,2500.0,0.0,1.04534542808435,23,1,14,8,8,0.46,0.3905,0.3591,0.359,0.6528,0
27000000.000000004,7.0,5.0,398.0,0.0,2.71147038013795,3,0,28,2,1,0.46,0.3905,0.3591,0.359,0.6528,0
108000000.0,1.0,1.0,0.0,0.0,0.450409906581854,41,2,14,15,23,0.46,0.3905,0.3591,0.359,0.6528,0
21600000.0,3.0,0.0,0.0,0.0,7.532880960218,9,3,11,0,17,0.46,0.3905,0.3591,0.359,0.6528,0
14000000.0,3.0,0.0,150.0,0.0,1.48085838609163,58,1,26,11,9,0.46,0.3905,0.3591,0.359,0.6528,0
28000000.0,17.0,15.0,595.0,0.0,1.83949370365703,31,0,20,0,3,0.46,0.3905,0.3591,0.359,0.6528,0
13125000.0,6.0,6.0,200.0,0.0,7.34177037866543,22,11,10,0,62,0.4337,0.1972,0.3283,0.2529,0.4976,-1
19990000.0,3.0,2.5,162.0,0.0,8.60377104071145,7,0,0,6,1,0.9248,0.5111,0.4807,0.188,1.2403,0
9553000.0,1.0,0.0,0.0,0.0,7.49031821221385,22,11,11,0,65,0.4337,0.1972,0.3283,0.2529,0.4976,-1
18000000.0,5.0,5.0,405.0,0.0,9.09658498203312,2,1,26,2,3,0.0942,0.22,0.0278,0.0071,0.3522,0
55000000.0,17.0,17.0,600.0,0.0,7.18688019587344,13,2,6,6,5,0.0942,0.22,0.0278,0.0071,0.3522,0
10000000.0,4.0,4.0,250.0,0.0,9.91321645293529,2,0,15,3,5,0.0942,0.22,0.0278,0.0071,0.3522,0
7500000.0,3.0,3.0,200.0,0.0,9.09658498203312,2,1,26,2,3,0.0942,0.22,0.0278,0.0071,0.3522,0
280000000.0,64.0,64.0,2750.0,0.0,1.69505859390372,0,0,7,0,2,0.7071,0.2952,0.3623,0.0081,0.3482,-1
45000000.0,16.0,16.0,800.0,0.0,0.469641701905179,36,1,13,2,6,0.7071,0.2952,0.3623,0.0081,0.3482,0
41999999.99999999,26.0,26.0,550.0,0.0,0.469641701905179,36,1,13,2,6,0.7071,0.2952,0.3623,0.0081,0.3482,0
73000000.0,30.0,30.0,780.0,0.0,3.05178723456546,3,0,10,1,4,0.0141,0.2089,0.0335,0.0034,0.0981,0
250000000.0,24.0,0.0,0.0,0.0,0.401431620103655,21,0,3,0,6,0.7071,0.2952,0.3623,0.0081,0.3482,0
65000000.0,11.0,11.0,650.0,0.0,1.69505859390372,0,0,7,0,2,0.7071,0.2952,0.3623,0.0081,0.3482,0
280000000.0,64.0,64.0,2750.0,0.0,1.69505859390372,0,0,7,0,2,0.7071,0.2952,0.3623,0.0081,0.3482,-1
19000000.000000004,19.0,19.0,530.0,0.0,1.69505859390372,0,0,7,0,2,0.7071,0.2952,0.3623,0.0081,0.3482,0
67000000.0,10.0,9.0,950.0,0.0,5.27924508091193,20,1,8,0,1,0.7071,0.2952,0.3623,0.0081,0.3482,0
30000000.0,14.0,14.0,300.0,0.0,0.469641701905179,36,1,13,2,6,0.7071,0.2952,0.3623,0.0081,0.3482,0
35000000.0,18.0,18.0,480.0,0.0,1.69505859390372,0,0,7,0,2,0.7071,0.2952,0.3623,0.0081,0.3482,0
25000000.0,16.0,16.0,350.0,0.0,0.386228413319227,40,2,14,3,7,0.7071,0.2952,0.3623,0.0081,0.3482,0
30000000.0,7.0,7.0,350.0,0.0,0.324370699218739,36,1,13,2,6,0.7071,0.2952,0.3623,0.0081,0.3482,0
12499999.999999998,3.0,3.0,90.0,0.0,0.290307656337063,38,1,13,2,6,0.7071,0.2952,0.3623,0.0081,0.3482,0
20000000.0,9.0,9.0,200.0,0.0,0.290307656337063,38,1,13,2,6,0.7071,0.2952,0.3623,0.0081,0.3482,0
30000000.0,14.0,14.0,320.0,0.0,0.469641701905179,36,1,13,2,6,0.7071,0.2952,0.3623,0.0081,0.3482,0
16000000.0,4.0,4.0,130.0,0.0,0.290307656337063,38,1,13,2,6,0.7071,0.2952,0.3623,0.0081,0.3482,0
67000000.0,13.0,0.0,1200.0,0.0,5.27924508091193,20,1,8,0,1,0.7071,0.2952,0.3623,0.0081,0.3482,0
65000000.0,17.0,0.0,710.0,0.0,0.469641701905179,36,1,13,2,6,0.7071,0.2952,0.3623,0.0081,0.3482,0
65000000.0,10.0,0.0,710.0,0.0,0.469641701905179,36,1,13,2,6,0.7071,0.2952,0.3623,0.0081,0.3482,0
67000000.0,12.0,12.0,600.0,0.0,5.27924508091193,20,1,8,0,1,0.7071,0.2952,0.3623,0.0081,0.3482,0
65000000.0,10.0,0.0,710.0,0.0,0.469641701905179,36,1,13,2,6,0.7071,0.2952,0.3623,0.0081,0.3482,0
65000000.0,10.0,0.0,710.0,0.0,0.469641701905179,36,1,13,2,6,0.7071,0.2952,0.3623,0.0081,0.3482,0
21000000.0,19.0,19.0,530.0,0.0,1.69505859390372,0,0,7,0,2,0.7071,0.2952,0.3623,0.0081,0.3482,0
67000000.0,16.0,0.0,1500.0,0.0,5.27924508091193,20,1,8,0,1,0.7071,0.2952,0.3623,0.0081,0.3482,0
28000000.0,18.0,18.0,1000.0,0.0,2.28955007045973,0,0,7,0,2,0.7071,0.2952,0.3623,0.0081,0.3482,0
35000000.0,10.0,5.0,250.0,0.0,0.469641701905179,36,1,13,2,6,0.7071,0.2952,0.3623,0.0081,0.3482,0
260000000.0,64.0,0.0,4000.0,0.0,1.69505859390372,0,0,7,0,2,0.7071,0.2952,0.3623,0.0081,0.3482,-1
67000000.0,12.0,12.0,0.0,0.0,5.27924508091193,20,1,8,0,1,0.7071,0.2952,0.3623,0.0081,0.3482,0
35000000.0,30.0,0.0,1260.0,0.0,2.28955007045973,0,0,7,0,2,0.7071,0.2952,0.3623,0.0081,0.3482,0
26000000.0,8.0,0.0,600.0,0.0,0.597236997502969,9,0,2,0,4,0.7071,0.2952,0.3623,0.0081,0.3482,0
25000000.0,3.0,1.0,300.0,0.0,0.3691503369788,22,1,15,2,5,2.0,0.2022,2.0,0.1095,1.283,-1
99000000.0,10.0,10.0,0.0,0.0,0.431253702246731,22,1,16,1,5,2.0,0.2022,2.0,0.1095,1.283,-1
230000000.0,25.0,0.0,2500.0,0.0,0.755473573853636,44,2,11,4,6,2.0,0.2022,2.0,0.1095,1.283,-1
275000000.0,20.0,20.0,0.0,0.0,0.384480276576782,51,1,26,5,3,2.0,0.2022,2.0,0.1095,1.283,-1
12000000.0,8.0,6.0,450.0,0.0,0.381080967126136,40,2,22,1,7,2.0,0.2022,2.0,0.1095,1.283,-1
12000000.0,8.0,6.0,450.0,0.0,0.167333345225531,33,1,21,3,5,2.0,0.2022,2.0,0.1095,1.283,-1
63800000.0,19.0,14.0,597.0,0.0,0.488928409238253,56,3,18,3,5,2.0,0.2022,2.0,0.1095,1.283,-1
400000000.0,312.0,0.0,6000.0,0.0,0.3691503369788,22,1,15,2,5,2.0,0.2022,2.0,0.1095,1.283,-1
12499999.999999998,8.0,6.0,150.0,0.0,0.167333345225531,33,1,21,3,5,2.0,0.2022,2.0,0.1095,1.283,-1
38000000.00000001,10.0,9.0,800.0,0.0,9.64942933589763,5,3,7,3,8,0.4337,0.1972,0.3283,0.2529,0.4976,0
55000000.0,10.0,9.0,850.0,0.0,9.63029571799163,0,1,5,2,4,0.4337,0.1972,0.3283,0.2529,0.4976,0
31300000.0,2.0,2.0,142.0,0.0,8.65135328882825,13,3,8,6,4,0.4337,0.1972,0.3283,0.2529,0.4976,0
27000000.000000004,16.0,7.0,350.0,0.0,10.5925321914152,16,0,11,5,3,0.4337,0.1972,0.3283,0.2529,0.4976,0
3300000.0,4.0,4.0,140.0,0.0,9.95924466628813,0,1,6,1,3,0.4337,0.1972,0.3283,0.2529,0.4976,0
25000000.0,8.0,0.0,360.0,0.0,9.92866376934322,18,1,7,2,4,0.4337,0.1972,0.3283,0.2529,0.4976,0
20000000.0,1.0,0.0,540.0,0.0,9.95924466628813,0,1,6,1,3,0.4337,0.1972,0.3283,0.2529,0.4976,0
22000000.0,16.0,10.0,150.0,0.0,10.5925321914152,16,0,11,5,3,0.4337,0.1972,0.3283,0.2529,0.4976,0
26000000.0,17.0,17.0,558.0,0.0,8.72794195978488,4,3,11,1,6,0.4337,0.1972,0.3283,0.2529,0.4976,0
25000000.0,1.0,0.0,800.0,0.0,6.95134214201639,4,0,11,0,0,0.9248,0.5111,0.4807,0.188,1.2403,0
11000000.0,3.0,4.0,220.0,0.0,6.72859340564003,21,0,13,6,9,0.9248,0.5111,0.4807,0.188,1.2403,0
45000000.0,9.0,6.0,250.0,0.0,5.8785414560789,28,5,20,2,13,0.9248,0.5111,0.4807,0.188,1.2403,0
180000000.0,56.0,56.0,3000.0,0.0,5.8785414560789,28,5,20,2,13,0.9248,0.5111,0.4807,0.188,1.2403,-1
25000000.0,7.0,7.0,800.0,0.0,1.38006743939094,10,0,16,3,1,0.9248,0.5111,0.4807,0.188,1.2403,0
25000000.0,7.0,0.0,800.0,0.0,3.56934464205663,1,0,11,1,3,0.9248,0.5111,0.4807,0.188,1.2403,0
25000000.0,7.0,0.0,800.0,0.0,1.40510830399541,12,0,15,3,2,0.9248,0.5111,0.4807,0.188,1.2403,0
125000000.0,19.0,0.0,1200.0,0.0,4.24092275575491,47,0,17,1,5,0.9248,0.5111,0.4807,0.188,1.2403,0
54900000.0,16.0,9.0,698.0,0.0,1.72686951265089,24,0,13,1,9,0.9248,0.5111,0.4807,0.188,1.2403,0
120000000.0,5.0,5.0,524.0,0.0,5.8785414560789,28,5,20,2,13,0.9248,0.5111,0.4807,0.188,1.2403,0
85000000.0,26.0,26.0,1200.0,0.0,3.8280010158566,43,0,19,3,4,0.9248,0.5111,0.4807,0.188,1.2403,0
63000000.0,14.0,14.0,488.0,0.0,5.8785414560789,28,5,20,2,13,0.9248,0.5111,0.4807,0.188,1.2403,0
6500000.0,5.0,0.0,94.0,0.0,2.54986964866086,2,0,10,1,6,0.9248,0.5111,0.4807,0.188,1.2403,0
23000000.000000004,7.0,4.0,300.0,0.0,6.72859340564003,21,0,13,6,9,0.9248,0.5111,0.4807,0.188,1.2403,0
30000000.0,3.0,0.0,0.0,0.0,1.25091495351108,26,0,16,4,5,0.9248,0.5111,0.4807,0.188,1.2403,0
34000000.0,1.0,0.0,0.0,0.0,1.25091495351108,26,0,16,4,5,0.9248,0.5111,0.4807,0.188,1.2403,0
18000000.0,3.0,0.0,280.0,0.0,3.50583745435805,8,1,13,8,5,0.9248,0.5111,0.4807,0.188,1.2403,0
9500000.0,2.0,1.0,85.0,0.0,3.84141029984066,43,0,21,3,4,0.9248,0.5111,0.4807,0.188,1.2403,0
68000000.0,30.0,0.0,700.0,0.0,7.68342846049969,2,0,9,1,1,0.9248,0.5111,0.4807,0.188,1.2403,0
12000000.0,5.0,0.0,230.0,0.0,7.80786558941098,3,0,8,1,0,0.9248,0.5111,0.4807,0.188,1.2403,0
6500000.0,5.0,0.0,94.0,0.0,2.54986964866086,2,0,10,1,6,0.9248,0.5111,0.4807,0.188,1.2403,0
37000000.0,5.0,5.0,1000.0,0.0,5.06773390401278,42,0,19,2,6,0.9248,0.5111,0.4807,0.188,1.2403,0
82744925.0,13.0,0.0,540.0,0.0,1.97779678215156,27,2,9,10,6,0.9248,0.5111,0.4807,0.188,1.2403,0
85000000.0,19.0,19.0,1000.0,0.0,5.26968245317765,12,0,10,2,6,0.9248,0.5111,0.4807,0.188,1.2403,0
15000000.0,2.0,0.0,0.0,0.0,5.13957722878977,0,0,7,0,0,0.9248,0.5111,0.4807,0.188,1.2403,0
6500000.0,5.0,0.0,92.0,0.0,2.54986964866086,2,0,10,1,6,0.9248,0.5111,0.4807,0.188,1.2403,0
33000000.0,9.0,9.0,330.0,0.0,1.25091495351108,26,0,16,4,5,0.9248,0.5111,0.4807,0.188,1.2403,0
26000000.0,9.0,0.0,594.0,0.0,1.37401459894944,4,0,11,2,0,0.9248,0.5111,0.4807,0.188,1.2403,0
1836000.0,1.0,1.0,20.2,0.0,1.37401459894944,4,0,11,2,0,0.9248,0.5111,0.4807,0.188,1.2403,0
41999999.99999999,10.0,10.0,695.0,0.0,1.40510830399541,12,0,15,3,2,0.9248,0.5111,0.4807,0.188,1.2403,0
100000000.0,1.0,1.0,119.0,0.0,5.8785414560789,28,5,20,2,13,0.9248,0.5111,0.4807,0.188,1.2403,0
49999999.99999999,16.0,16.0,800.0,0.0,0.278218974031831,23,3,24,4,4,0.9248,0.5111,0.4807,0.188,1.2403,0
55000000.0,17.0,17.0,0.0,0.0,5.8785414560789,28,5,20,2,13,0.9248,0.5111,0.4807,0.188,1.2403,0
40100000.0,8.0,6.0,297.0,0.0,4.24092275575491,47,0,17,1,5,0.9248,0.5111,0.4807,0.188,1.2403,0
70000000.0,17.0,0.0,500.0,0.0,7.80786558941098,3,0,8,1,0,0.9248,0.5111,0.4807,0.188,1.2403,0
13500000.0,1.0,0.0,238.0,0.0,3.08399728932456,7,0,10,1,4,0.9248,0.5111,0.4807,0.188,1.2403,0
10000000.0,10.0,3.0,400.0,0.0,7.07554678230017,7,1,20,2,3,0.9248,0.5111,0.4807,0.188,1.2403,0
36000000.0,15.0,15.0,800.0,0.0,7.07554678230017,7,1,20,2,3,0.9248,0.5111,0.4807,0.188,1.2403,0
54000000.00000001,10.0,10.0,435.0,0.0,4.68081921879901,18,1,8,0,4,0.46,0.3905,0.3591,0.359,0.6528,0
166860000.0,11.0,0.0,927.0,0.0,2.97523817431358,36,1,12,6,8,0.9248,0.5111,0.4807,0.188,1.2403,0
37000000.0,2.0,2.0,200.0,0.0,4.57653220905789,26,0,20,1,4,0.9248,0.5111,0.4807,0.188,1.2403,0
52000000.0,1.0,1.0,435.0,0.0,5.8785414560789,28,5,20,2,13,0.9248,0.5111,0.4807,0.188,1.2403,0
186000000.0,5.0,4.0,400.0,0.0,6.25731194755292,11,1,22,0,5,0.9248,0.5111,0.4807,0.188,1.2403,0
100000000.0,2.0,0.0,600.0,0.0,1.25091495351108,26,0,16,4,5,0.9248,0.5111,0.4807,0.188,1.2403,0
23000000.000000004,8.0,5.0,200.0,0.0,6.72859340564003,21,0,13,6,9,0.9248,0.5111,0.4807,0.188,1.2403,0
75000000.0,17.0,17.0,768.0,0.0,5.8785414560789,28,5,20,2,13,0.9248,0.5111,0.4807,0.188,1.2403,0
35000000.0,3.0,2.0,158.75,0.0,3.34848873887278,45,1,16,3,8,0.9248,0.5111,0.4807,0.188,1.2403,0
25000000.0,5.0,0.0,392.97,0.0,3.64076377074438,18,0,12,12,4,0.9248,0.5111,0.4807,0.188,1.2403,0
35000000.0,8.0,0.0,225.0,0.0,3.12570227150161,8,0,16,4,4,0.9248,0.5111,0.4807,0.188,1.2403,0
28000000.0,3.0,4.0,120.0,0.0,3.64076377074438,18,0,12,12,4,0.9248,0.5111,0.4807,0.188,1.2403,0
57000000.0,48.0,24.0,550.0,0.0,3.64076377074438,18,0,12,12,4,0.9248,0.5111,0.4807,0.188,1.2403,0
5900000.0,2.0,2.0,41.5,0.0,4.78133896706734,2,2,29,3,5,0.0141,0.2089,0.0335,0.0034,0.0981,0
195000000.0,3.0,3.0,1500.0,0.0,6.83282946009906,14,3,10,1,15,0.0141,0.2089,0.0335,0.0034,0.0981,0
167999999.99999997,5.0,5.0,566.0,0.0,6.83282946009906,14,3,10,1,15,0.0141,0.2089,0.0335,0.0034,0.0981,0
180000000.0,15.0,0.0,2000.0,0.0,6.83282946009906,14,3,10,1,15,0.0141,0.2089,0.0335,0.0034,0.0981,0
60000000.0,7.0,0.0,1000.0,0.0,4.15760497312686,13,1,26,8,5,0.0141,0.2089,0.0335,0.0034,0.0981,0
20000000.0,5.0,5.0,297.0,0.0,4.42197068586315,11,1,24,7,4,0.0141,0.2089,0.0335,0.0034,0.0981,0
120000000.0,20.0,0.0,900.0,0.0,4.51032539959383,3,0,6,1,0,0.1081,0.3501,0.5038,0.0238,0.3209,0
120000000.0,20.0,0.0,900.0,0.0,4.51032539959383,3,0,6,1,0,0.1081,0.3501,0.5038,0.0238,0.3209,0
120000000.0,20.0,20.0,900.0,0.0,4.51032539959383,3,0,6,1,0,0.1081,0.3501,0.5038,0.0238,0.3209,0
120000000.0,20.0,20.0,900.0,0.0,5.35616253356714,18,2,4,0,10,0.1081,0.3501,0.5038,0.0238,0.3209,0
120000000.0,10.0,0.0,900.0,0.0,4.51032539959383,3,0,6,1,0,0.1081,0.3501,0.5038,0.0238,0.3209,0
120000000.0,20.0,20.0,897.0,0.0,4.51032539959383,3,0,6,1,0,0.1081,0.3501,0.5038,0.0238,0.3209,0
25000000.0,10.0,6.0,400.0,0.0,5.70434734051095,4,1,13,1,6,0.1081,0.3501,0.5038,0.0238,0.3209,0
200000000.0,36.0,0.0,0.0,0.0,5.35616253356714,18,2,4,0,10,0.1081,0.3501,0.5038,0.0238,0.3209,0
200000000.0,36.0,0.0,0.0,0.0,5.35616253356714,18,2,4,0,10,0.1081,0.3501,0.5038,0.0238,0.3209,0
7500000.0,2.0,0.0,64.0,0.0,5.8905506976801,7,1,4,0,13,0.1081,0.3501,0.5038,0.0238,0.3209,0
18000000.0,1.0,1.0,58.0,0.0,5.35616253356714,18,2,4,0,10,0.1081,0.3501,0.5038,0.0238,0.3209,0
300000000.0,4.0,3.0,950.72,0.0,5.35616253356714,18,2,4,0,10,0.1081,0.3501,0.5038,0.0238,0.3209,0
98000000.0,20.0,20.0,897.4299999999998,0.0,4.51032539959383,3,0,6,1,0,0.1081,0.3501,0.5038,0.0238,0.3209,0
130000000.0,18.0,18.0,909.0,0.0,4.51032539959383,3,0,6,1,0,0.1081,0.3501,0.5038,0.0238,0.3209,0
9000000.0,1.0,1.0,36.0,0.0,5.35616253356714,18,2,4,0,10,0.1081,0.3501,0.5038,0.0238,0.3209,0
98000000.0,3.0,0.0,897.4299999999998,0.0,5.35616253356714,18,2,4,0,10,0.1081,0.3501,0.5038,0.0238,0.3209,0
98000000.0,20.0,20.0,897.0,0.0,5.35616253356714,18,2,4,0,10,0.1081,0.3501,0.5038,0.0238,0.3209,0
79000000.0,21.0,0.0,0.0,0.0,4.51032539959383,3,0,6,1,0,0.1081,0.3501,0.5038,0.0238,0.3209,0
130000000.0,18.0,18.0,909.0,0.0,7.00225821828519,2,0,12,2,7,0.1081,0.3501,0.5038,0.0238,0.3209,0
120000000.0,20.0,20.0,900.0,0.0,4.51032539959383,3,0,6,1,0,0.1081,0.3501,0.5038,0.0238,0.3209,0
98000000.0,20.0,20.0,897.0,0.0,5.35616253356714,18,2,4,0,10,0.1081,0.3501,0.5038,0.0238,0.3209,0
80000000.0,40.0,0.0,2356.8,0.0,4.07601310477779,12,2,11,3,5,0.2002,0.13,0.102,0.0343,0.7127,0
20900000.0,4.0,3.0,0.0,0.0,4.23756159144357,0,0,7,0,0,0.2002,0.13,0.102,0.0343,0.7127,0
20000000.0,5.0,2.0,428.0,0.0,6.3293436997379,2,0,5,1,0,0.2002,0.13,0.102,0.0343,0.7127,0
