Latitude,Longitude,Price,LRTHubDist,PC1,PC2,PC3,PC4,Cluster
120.936807,14.409725,-1.1461033697905818,0.8120980487233949,2.3720785033622525,-0.8057107837072978,2.281007354733079,0.555577978771724,0
121.00471,14.59936,-0.9792454565409084,-0.5605027762420138,-1.0430567548968852,-0.8184321239380268,1.791591333140758,-1.102272313065932,0
121.0135541,14.5822048,-0.5403663749493736,-0.4857152739108047,-1.3632757132960167,-2.031612629240396,2.033687185214906,-0.2349952435194529,0
121.017867,14.5971795,-0.3978005586361998,-0.0054289274619019,-0.3905597388498504,-1.064394174583091,1.0475542108069122,-2.536489330736419,0
121.01316,14.58717,-1.0407444361269833,-0.394151713776932,-1.3261311718357702,-1.770148144970594,2.0457039712730176,-0.1253203518161121,0
121.017867,14.5971795,-0.3139383137460974,-0.0054289274619019,-1.1060472374527164,-1.1470939775139648,2.037237885616468,-1.0219843199513603,0
121.017867,14.5971795,-0.3139383137460974,-0.0054289274619019,-1.6100471256324294,-0.9115117624661572,2.5489636412738386,-0.0350459462322877,0
121.0016068,14.6164608,-0.1462138239658932,-0.7517499284673623,-1.0735431269447178,-0.1849914384259045,2.0650769103855025,-0.9565244415343882,0
121.0032543,14.5894572,-0.9568821912368812,-0.7053335592047004,-0.2794212059488221,-1.2338383042374148,0.9084074576243923,-1.069439661329964,0
121.0135541,14.5822048,-0.7052954565665746,-0.4857152739108047,-0.9370364340012992,-2.04671502085776,1.5763297254661224,-1.191933875651037,0
121.0034823,14.5723066,0.8601331147153333,-1.0343843812598743,0.152339294834647,-1.2198860719690354,0.1346281682989661,-0.9210916710144984,0
120.965967,14.620565,-0.6633643341215235,-0.8256073837548706,-0.9833615888909424,-0.6364999681806095,1.9430175933834604,0.5442232838234605,0
121.0135541,14.5822048,-0.481662803526302,-0.4857152739108047,-0.2966147780268122,-2.2463497268210517,0.8254826124163127,-2.4434284147042677,0
121.017867,14.5971795,-0.7612036198266428,-0.0054289274619019,-0.8583111451178524,-1.0957110271178152,1.6065889857342712,-1.494542749710936,0
121.0135541,14.5822048,-0.6214332116764723,-0.4857152739108047,-0.972104165421987,-2.0870814173798813,1.566785909330541,-1.044017488708327,0
120.965967,14.620565,-0.5934791300464383,-0.8256073837548706,0.2440834552523915,-0.7394125313788534,0.5141103550192766,-2.0776148862734742,0
120.997102,14.529416,-0.1182597423358591,-1.3595687838792485,2.394257086469004,1.528002461884488,0.6448628380800798,-1.1233320146014918,2
121.0245799,14.4521766,0.4967300535248904,0.5151903514237516,2.819658269876712,0.2474063768185811,0.2957533475506643,0.3298319869154745,4
120.997102,14.529416,-0.5375709667863702,-1.3595687838792485,1.967708248037695,1.651589952150918,1.2525956595467886,-0.3674003910496559,2
120.99501,14.53299,-0.6773413749365405,-1.3920828629953677,1.8617145070260264,2.2631410832948364,1.2399436973874052,-1.0850816802288812,2
120.99533,14.5286,-0.5375709667863702,-1.4161946879132052,1.5392374534361477,1.638350101286756,1.7012648433145257,0.6251466570971377,2
120.99494,14.5286,-1.0267673953119665,-1.429472290198953,1.1119372548512871,1.7738541356587043,2.260148568011901,1.4532273933745925,2
120.99494,14.5286,-0.8171117830867108,-1.429472290198953,1.5695917176606762,1.7473452942190626,1.7330445541664323,0.4620808291944393,2
120.997102,14.529416,-0.5375709667863702,-1.3595687838792485,1.979535471814451,1.646636662519844,1.2339468185316136,-0.3857694314305963,2
120.99494,14.5286,-0.9289281096068472,-1.429472290198953,1.201025824411004,1.7640699316517672,2.1520949879378835,1.268136505598548,2
121.0245799,14.4521766,0.4967300535248904,0.5151903514237516,2.8105913731843533,-0.0175387337648642,0.2608238409762414,0.5894470678077012,4
120.997102,14.529416,0.4408218902648222,-1.3595687838792485,1.90608849159254,1.2622701428686085,1.2394957166202445,0.1345484112519108,2
120.997102,14.529416,0.4408218902648222,-1.3595687838792485,1.6540885475026836,1.3800612503925118,1.4953585944489296,0.6280175981114469,2
121.0245799,14.4521766,0.4967300535248904,0.5151903514237516,2.7729842277892627,0.3512833722028536,0.4463922108750344,0.2767273706622313,4
120.997102,14.529416,-0.3978005586361998,-1.3595687838792485,1.5292330506041407,1.5787352935574874,1.753261646028675,0.6612194824162121,2
121.0245799,14.4521766,0.4967300535248904,0.5151903514237516,2.4181675144865853,0.499882061135076,1.005857441330282,0.8277985820904421,4
121.097996,14.612889,-0.3139383137460974,2.218666128813893,1.5419891443705314,0.4179840168276075,1.0477399631028308,-1.300738240773786,0
121.089097,14.588464,-0.6214332116764723,2.586282864453547,1.141200062487124,-1.1928958302462769,2.2561425737288405,-1.0884264068500715,0
121.081755,14.590053,-0.6773413749365405,2.327510302385101,1.179277312084846,-0.4345473684996882,2.104724230135256,0.4318864306225426,0
121.089097,14.588464,-0.7612036198266428,2.586282864453547,1.1112302146996709,-1.092513904945373,2.3400188088190235,-1.1383076297147858,0
121.087967,14.613073,-0.6493872933065065,1.8594749980078984,2.011654490509942,0.2603728825640375,0.5741698037421676,-2.146953624580612,0
121.0708,14.62078,-1.0686985177570174,1.080139017228548,-2.8735350755651456,0.1465586579028701,0.0345845531047654,0.661525761331122,3
121.0572,14.61777,-0.1182597423358591,0.7487930553394906,-2.722372560756569,3.015930545070804,-0.9934329999676615,-0.7575150548872683,1
121.0293966,14.6671154,-0.6773413749365405,-1.0046894240101016,-1.7549777289215462,-1.456271459864324,-1.1777950524804766,-0.0726396173880661,3
121.031,14.66588,-0.6773413749365405,-0.9949286213048252,-1.9514850725180812,-1.354210798166006,-0.9568280880177984,0.5149175251981687,3
121.04426,14.626617,2.118066788066866,0.110457546849089,-1.4157296827017245,0.1453159441914676,-1.4951254610184477,-0.6624965984881516,3
121.014874,14.643229,0.1584856658014781,-0.8695077252812596,-1.3345076175040131,0.2456941502343875,-1.817156923254238,-0.4564507898569503,3
121.0572,14.61777,1.978296379916696,0.7487930553394906,-2.7337736930597285,2.998430005094408,-1.0685107047624538,-0.6493313067236152,1
121.0572,14.61777,0.3849137270047541,0.7487930553394906,-2.166155597802041,3.00844730372724,-1.6717458733281487,-1.951442297165394,1
121.0443089,14.6621443,-1.1944918850921709,-0.5487064238527543,-1.9822708001157652,-0.8101354221809194,-0.9576863121964384,1.8219175986179268,3
121.0708,14.62078,-0.7332495381966085,1.080139017228548,-2.682226212406776,0.0594362950792001,-0.1862181697151829,0.3060672073161971,3
120.9933,14.62769,-0.5375709667863702,-1.0550324115020064,-2.9219602548561205,-0.1870394417597824,0.3100541879518335,1.2881580907038528,3
120.9933,14.62769,-0.4257546402662339,-1.0550324115020064,-2.993960238881794,-0.1533848396100957,0.3831578673314578,1.4291492869494349,3
121.03985,14.62808,-1.1106296402020686,-0.0452703931431797,-3.0711664661686773,0.336037070202159,0.5415589369847418,1.0194795463105144,3
121.049634,14.721256,0.5246841351549244,1.452328904989182,-0.526170613554201,-2.129481548562699,-2.378722857315441,-0.3883749465986799,3
121.0521,14.7214,-1.0407444361269833,1.50083387012115,-1.6298756595455013,-1.7067175542834283,-1.0252844871486042,1.8709730222413996,3
121.0594362,14.6310662,-0.3418923953761317,0.4327443616273414,-2.1239666528292336,0.4379806365322585,-0.8405787317560945,-0.1217934067162205,3
121.0443089,14.6621443,-1.1944918850921709,-0.5487064238527543,-1.9834535224934409,-0.809640093217812,-0.9558214280949208,1.823754502656021,3
120.9933,14.62769,-0.4537087218962679,-1.0550324115020064,-2.2459039405223105,-0.2171854401510759,-0.524799252122126,-0.1386195443407623,3
121.0245,14.66958,-0.6493872933065065,-1.0070487906809096,-1.560526485110173,-1.8756807457897613,-1.2313856558454923,0.9549658062451164,3
121.0245,14.66958,-1.3248697218146497,-1.0070487906809096,-2.1584153413746248,-1.5820027813454445,-0.4381397479554818,1.96808115086525,3
121.031,14.66588,-0.2021219872259615,-0.9949286213048252,-1.6112367213738534,-1.2091911675268538,-1.3106177752961226,-0.3787038960839931,3
121.0572,14.61777,1.4192147473160146,0.7487930553394906,-3.235011462563857,3.0982446191028146,-0.4078480820304907,0.3160529890470809,1
121.022758,14.659539,0.021510665814311,-1.4341843975807034,-1.9614072327365664,0.5518829087734921,-1.427419260408318,-2.5669380485051465,3
121.0572,14.61777,0.1612810739644815,0.7487930553394906,-2.25843749193627,3.1296746964910804,-1.4289818466888842,-1.94829613291294,1
121.04426,14.626617,-0.255234742323026,0.110457546849089,-2.169123968403245,0.6557553408380656,-0.4562844027184993,0.4751739007137696,3
121.0521,14.7214,0.5805922984149926,1.50083387012115,-1.0382082344052566,-1.9755145772010496,-1.715665917131212,0.7770437996252134,3
121.06821,14.702178,-1.0966525993870515,1.2153796932595406,-2.144414296845579,-0.8536147479027845,-0.9606322714078338,0.1058801119700776,3
121.06821,14.702178,-0.3698464770061657,1.2153796932595406,-1.3746603013258532,-0.8334209299378308,-1.9268169904066603,-1.5482651929591549,3
121.0306,14.61633,0.1333269923344477,0.2819269691052163,0.3756536127350753,-0.6094239203176756,0.3827263533748637,-0.5200566223748495,0
121.057875,14.636902,-0.3418923953761317,0.2412764187793862,-2.5590417098707765,-0.1869582179283566,-0.2415835728803498,1.181291377203498,3
121.0572,14.61777,0.0774188290743793,0.7487930553394906,-3.048141326891113,3.019982642931844,-0.7024997700702547,0.0258221510282233,1
120.9933,14.62769,1.4192147473160146,-1.0550324115020064,-2.60314353356628,-0.3188108296171613,-0.2128592028136019,0.8075824773984326,3
121.0708,14.62078,-0.7332495381966085,1.080139017228548,-2.6759282092843497,0.0843251184897815,-0.163729862682976,0.2495596022067355,3
121.0572,14.61777,0.720362706565163,0.7487930553394906,-1.8042720989088428,2.939468374657836,-2.145097341671601,-2.6536672835410497,1
121.03781,14.632093,-0.3978005586361998,-0.2374087310872098,-2.8687142304097963,1.3646104029405706,0.1256297479430221,0.8701642168649537,3
121.0115,14.61162,-0.3978005586361998,-0.3242497722319038,-2.473216791145906,-1.1209218121012152,-0.3650469369758462,0.7765129854400701,3
121.036376,14.517219,1.978296379916696,0.2154693384276493,2.8919514485151683,-1.7459924437427037,-1.4192446954644793,0.9024745867584189,4
121.036376,14.517219,1.978296379916696,0.2154693384276493,3.4806340483825413,-1.4069989171416162,-2.103325862541592,-0.6546695910690334,4
121.050318,14.540867,1.978296379916696,0.5451723864620277,3.269549613133194,1.4323458858259877,-2.4020443412222465,-0.8940361504856402,4
121.036376,14.517219,1.978296379916696,0.2154693384276493,2.5319515283868017,-1.5777194329942696,-1.0537262985663578,1.607430567986328,4
121.036376,14.517219,1.978296379916696,0.2154693384276493,3.478859964816028,-1.4062559236969552,-2.100528536389315,-0.6519142350118923,4
121.0521,14.52655,-0.6773413749365405,0.6808930678056989,1.8445031049374137,-0.0359628673177729,-0.7191887968441649,0.96348013482294,4
121.0553,14.53712,-1.1665378034621368,0.7534741971355442,1.5461368767714945,1.2791385852391473,-0.4505180869447012,2.8644160500778257,4
121.050318,14.540867,-0.873019946346779,0.5451723864620277,1.5283751740138691,1.638554249445198,-0.2725660716536944,2.698003782821055,4
121.036376,14.517219,1.3633065840559466,0.2154693384276493,3.479114250127228,-1.4063624194240232,-2.100929486471141,-0.6523091693800822,4
121.036376,14.517219,2.2578371962170367,0.2154693384276493,3.355088055069671,-1.4094726479860211,-1.970206044911084,-0.3662300452121302,4
121.050318,14.540867,-1.1246066810170856,0.5451723864620277,1.5153652278594376,1.6440028680393797,-0.252052346537002,2.7182097272400894,4
121.050318,14.540867,1.3633065840559466,0.5451723864620277,2.067347350792285,1.3800529752148314,-1.0941855233478772,1.8638936171182083,4
121.050318,14.540867,1.3633065840559466,0.5451723864620277,3.2677755295666806,1.4330888792706489,-2.39924701506997,-0.8912807944284991,4
121.036376,14.517219,0.8321790330852992,0.2154693384276493,2.395726370573988,-1.5399217114192136,-0.6165986894714202,1.6585858057779443,4
121.065172,14.531149,2.2578371962170367,1.1868121807074568,2.718977256744991,-0.4437561623741704,-1.7512995063884849,-0.9051887988162092,4
